"Region","naics","2001","2002","2003","2004","2005","2006","2007","2008","2009","2010","2011","2012","2013","2014","2015","2020","Pct_Total","RS_2015","L_T_2006","L_T_2007","L_T_2008","L_T_2009","L_T_2010","L_T_2011","L_T_2012","L_T_2013","L_T_2014","L_T_2015","Local_Trend","N_T_2006","N_T_2007","N_T_2008","N_T_2009","N_T_2010","N_T_2011","N_T_2012","N_T_2013","N_T_2014","N_T_2015","Natl_Trend","Label","Group"
"LafayetteCounty",113110,0,2,2,2,3,2,2,3,3,2,2,3,0,0,2,1,0.000124789417857366,3.68051708467004,NA,0,0.0844717711976986,0.0844717711976986,-0.0778920885182722,0,0.0844717711976986,-1,-1,0,-0.0748149501058801,-0.0217885891694541,-0.0749591160635882,-0.123335540974295,-0.141416476503785,-0.13481024636104,-0.0555280881251872,-0.0452497941748783,0.0286845993690428,0.0715759709695671,0.113106000262341,0.0204101807336819,"Timber Tract Operations","1"
"LafayetteCounty",113210,2,2,2,0,0,0,0,0,0,0,0,0,0,0,0,0,0,0,-1,-1,-1,NA,NA,NA,NA,NA,NA,NA,0.127272727272727,0.00435177455787406,-0.030879109359302,-0.00458022676013836,-0.0432895837550074,-0.031739028631201,-0.0524770100832118,-0.0567437525115209,-0.067253657547548,0.00748069593271983,-0.0168691394143877,-0.0017996195779685,"Forest Nurseries and Gathering Forest Products","1"
"LafayetteCounty",113310,7,21,27,20,16,9,13,15,14,11,9,5,0,0,0,0,0,0,0.0515474967972804,-0.091458412375693,-0.1109104638678,-0.0688500849051623,-0.0721996318709578,0,-0.173951911807867,-1,-1,-1,-0.124316800691175,-0.0323767471032659,-0.029264673192537,-0.0368323005502572,-0.0650563404589438,-0.0458533409412186,-0.0424282563476802,-0.0349957334460181,-0.0230527635649391,0.00189212382945203,0.000936574019605674,0.00412377005950711,"Logging","1"
"LafayetteCounty",115111,2,3,2,2,3,2,2,2,3,2,3,3,2,2,2,2,0.000124789417857366,6.61689468890243,0,-0.0778920885182722,0,0.0844717711976986,-0.0778920885182722,0.0844717711976986,0.0844717711976986,0,-0.0778920885182722,0,0.000984023392218006,-0.0172284048840903,-0.0371850708694993,-0.00451222839357612,-0.0515777329680263,-0.0520985394505407,-0.0445172540921922,-0.0247410483628457,-0.0162322456235723,0.0174078686890706,-0.00305549144650863,0.00326786697498263,"Cotton Ginning","1"
"LafayetteCounty",115116,0,0,0,0,3,2,2,0,0,0,0,0,0,0,0,0,0,0,NA,NA,NA,NA,-1,-1,-1,NA,NA,NA,-0.0181818181818182,-0.0388283764332974,-0.0313720980526146,-0.0302923790645034,-0.0496133829315457,-0.0229722020463364,-0.024287725988323,-0.00578502194111241,0.0265100107832095,0.048813572992473,0.070593061187423,0.0118804493586059,"Farm Management Services","1"
"LafayetteCounty",115210,0,0,0,0,0,0,0,0,0,2,3,3,2,2,2,2,0.000124789417857366,0.744128509433117,NA,NA,NA,NA,NA,NA,NA,NA,NA,0,0,-0.010462077044464,-0.0213953364632048,-0.0157641594517723,-0.0101749214611414,0.000722842556007297,-0.00508454307264261,-0.00474564541590639,-0.0178225088868205,-0.0048675369725466,-0.00946997515336001,0.000756437629008229,"Support Activities for Animal Production","1"
"LafayetteCounty",115310,55,46,34,55,15,29,34,38,44,9,40,44,50,44,33,38,0.00205902539464653,19.8585675790452,-0.120153194258685,-0.0586649772894917,0.0224943947595515,-0.043647500209963,-0.0971195485525658,0.0664301101684319,0.0529184890651104,0.056421622299043,0,0.296744116109658,0.0290037236277891,-0.0207994187492784,-0.00491004767452907,-0.0458701586301814,-0.0695406709865404,-0.0605786643575354,-0.0430989528564568,-0.0478755868919902,-0.0189815602907255,-0.00557610103677941,0.0189488991755882,0.00345448753497003,"Forestry Support Activities","1"
"LafayetteCounty",211111,0,0,0,0,0,0,3,3,3,5,3,3,3,3,3,3,0.000187184126786049,0.214824090587033,NA,NA,NA,NA,NA,NA,0,0,0,-0.0971195485525658,-0.00529742992104904,0.0057978999551529,0.123063434185792,0.0756653828567524,0.0801608794954705,0.0745493856685824,0.0671381727429217,-0.0287655002445864,0.0330198424688131,0.0478601029919739,0.0408944306949532,-0.00459377330778212,"Crude Petroleum and Natural Gas Extraction","2"
"LafayetteCounty",212321,0,0,35,35,35,35,0,0,0,0,0,0,0,0,3,4,0.000187184126786049,1.05677112034498,NA,NA,-1,-1,-1,-1,NA,NA,NA,NA,0.0484848484848485,-0.00181245783477424,0.01698399042552,-0.0133681525510858,-0.0547898856056616,-0.0580182677147099,-0.073155625900884,-0.0938527812188885,-0.035858094338919,0.0135926865071567,0.00590193124144966,-0.00120657805883363,"Construction Sand and Gravel Mining","2"
"LafayetteCounty",213112,0,0,3,3,3,3,3,3,3,0,0,3,3,3,3,3,0.000187184126786049,0.0900937572097092,NA,NA,0,0,-1,-1,0,0,0,NA,0.00000000000000000611157660660644,NA,NA,0.15149583694152,0.123385514578387,0.100328800594323,0.0895495598359612,0.0688853652029855,0.0877148124220331,0.110460182312412,0.119010813178097,0.00818868959580458,"Support Activities for Oil and Gas Operations","2"
"LafayetteCounty",213114,0,0,3,0,0,0,0,0,0,0,0,0,0,0,0,0,0,0,NA,NA,-1,NA,NA,NA,NA,NA,NA,NA,0.0303030303030303,NA,NA,0.272208486310604,0.337422553326486,0.300535830313804,0.146459863689249,0.0645350478751212,-0.0659954064931267,-0.0829195889863277,-0.0967968970900658,-0.0249416190528011,"Support Activities for Metal Mining","2"
"LafayetteCounty",221310,32,16,19,33,27,27,23,22,22,22,23,20,23,22,15,15,0.000935920633930243,3.13046211833455,-0.0334089775341186,0.0752800064055696,0.0297547785704131,-0.0778920885182722,-0.0401314034946031,-0.0315597874172574,-0.0275653352035979,0.00892998907199627,0,-0.0737382810843932,-0.00505755059552833,-0.00862923890229894,-0.0194577676200542,-0.00745974263566218,-0.00459538051902086,-0.00557120552508139,-0.00544744172880751,0.0123659730723735,-0.0060064903645094,0.0015262856404219,0.00655468919615032,0.0020716231008218,"Water Supply and Irrigation Systems","2"
"LafayetteCounty",236210,0,0,6,2,2,2,0,0,0,0,0,0,0,0,0,0,0,0,NA,NA,-1,-1,-1,-1,NA,NA,NA,NA,0.0484848484848485,NA,NA,0.0231332110752545,0.00828416852308722,0.00791509140508251,-0.0161503753745984,-0.058566810149039,-0.00324059876054283,0.0237394077157338,0.0241095735899546,0.000161664026331405,"Industrial Building Construction","2"
"LafayetteCounty",237120,0,0,0,0,0,0,0,2,0,0,0,3,75,0,0,0,0,0,NA,NA,NA,NA,NA,NA,NA,1.06445895866668,NA,NA,0.0322563320808086,NA,NA,0.13687241038287,0.115038259141579,0.08292071184191,0.0553310804742326,0.0319605131799459,-0.00640814226933295,0.0225324939125571,0.0543520664762278,-0.00209896713236147,"Oil and Gas Pipeline and Related Structures Construction","2"
"LafayetteCounty",237130,0,0,2,2,13,7,2,0,0,0,2,7,7,3,0,0,0,0,NA,NA,-1,-1,-1,-0.221629458448829,0.284735157123439,NA,NA,NA,0.0583792485631605,0.0946610600893376,0.139874446347566,-0.000379885194427221,0.00789349377168524,0.0151678534440196,0.00792913285830799,-0.0317877996919804,0.00775865713670187,0.0224698103560494,0.00982175204589053,-0.0101271279615315,"Power and Communication Line and Related Structures Construction","2"
"LafayetteCounty",237990,0,0,2,2,2,0,0,0,0,0,0,0,0,0,0,0,0,0,NA,NA,-1,-1,-1,NA,NA,NA,NA,NA,0.0545454545454546,NA,NA,-0.0283427871283667,-0.0358465304738329,-0.0421480746871128,-0.0591901096216474,-0.0332787905816333,0.0361380000485052,0.0403269767892689,0.0425641314791798,0.00592988570584197,"Other Heavy and Civil Engineering Construction","2"
"LafayetteCounty",311411,2,35,66,68,68,35,35,0,0,0,0,0,0,0,0,0,0,0,0.772587203405244,0,-1,-1,-1,-1,-1,NA,NA,NA,-0.0118380898827102,-0.0273040466397084,-0.0253232817416068,-0.00668420309322648,-0.0316399807962038,-0.0415088260396679,-0.0221627872573589,-0.0119837624486564,-0.0330481843257832,-0.00165638703256765,0.00547221823077737,0.00246757233005948,"Frozen Fruit, Juice, and Vegetable Manufacturing","3"
"LafayetteCounty",311511,0,0,0,0,0,0,0,0,0,0,0,0,0,0,0,0,0,0,NA,NA,NA,NA,NA,NA,NA,NA,NA,NA,0,-0.0101027727804747,-0.0054366103190383,0.00534071177495221,0.0135247956620426,0.00328032766756392,0.00274525030280759,-0.00740586773031837,-0.00621812378878883,-0.0121060493852795,-0.0100469952655209,-0.00101397164357363,"Fluid Milk Manufacturing","3"
"LafayetteCounty",311813,0,0,0,0,0,0,0,0,0,0,0,0,3,3,3,3,0.000187184126786049,1.00544250448464,NA,NA,NA,NA,NA,NA,NA,NA,NA,NA,0,0.0595498505485561,0.0711577445478004,-0.0136479991030816,-0.0206464514595706,-0.0213163554701317,-0.0146396471685455,-0.00982991845199666,0.0218934432154256,0.0333815606221086,0.0235804882692265,-0.00225044866107251,"Frozen Cakes, Pies, and Other Pastries Manufacturing","3"
"LafayetteCounty",311920,0,0,0,0,0,0,3,0,0,0,0,0,0,0,0,0,0,0,NA,NA,NA,NA,NA,NA,-1,NA,NA,NA,-0.0181818181818182,-0.00145177428301213,0.034079584146766,0.0258315247922645,0.0306254181771253,0.0395440426997624,0.0350081004952185,0.0367989342564996,0.0350865400006966,0.0515974164204214,0.0530919272669033,0.00408350195115494,"Coffee and Tea Manufacturing","3"
"LafayetteCounty",311991,0,0,2,0,0,0,0,0,0,0,0,0,0,0,0,0,0,0,NA,NA,-1,NA,NA,NA,NA,NA,NA,NA,0.0303030303030303,0.0905492137488089,0.0909314878610903,0.0290377587743635,0.00443313550621838,-0.00284050507488387,-0.00947771600221403,0.0183523525099774,0.0264266148874983,0.0514973184191003,0.058390214398957,-0.00329336642177561,"Perishable Prepared Food Manufacturing","3"
"LafayetteCounty",312111,0,0,0,0,0,0,0,0,0,0,0,0,0,0,0,0,0,0,NA,NA,NA,NA,NA,NA,NA,NA,NA,NA,0,-0.037465229301333,-0.0287156580492187,-0.0225339398389088,-0.0371028325322129,-0.0425782084763862,-0.0264399830773918,-0.025748234153911,-0.0152524108766758,-0.000287344573543846,0.0189528710355535,0.00480830765276829,"Soft Drink Manufacturing","3"
"LafayetteCounty",312130,0,0,0,0,0,0,0,0,0,3,0,0,0,0,0,0,0,0,NA,NA,NA,NA,NA,NA,NA,NA,NA,-1,-0.0545454545454545,0.0210539969125005,0.0233233316133294,0.0583847658056302,0.0478100791476517,0.0402133769035296,0.0362286505414069,0.032122372387168,0.0404939017383343,0.0590478317600871,0.0698148521589073,0.0033237395834237,"Wineries","3"
"LafayetteCounty",313310,0,0,0,0,0,0,3,0,0,0,0,0,0,0,0,0,0,0,NA,NA,NA,NA,NA,NA,-1,NA,NA,NA,-0.0181818181818182,-0.0875226571063508,-0.0995055503168351,-0.0844916930842525,-0.111266554941469,-0.105703692293846,-0.0935022568276598,-1,-0.0722301613596986,-0.024871233417248,-0.0157311646641705,-0.00863107630793882,"Textile and Fabric Finishing Mills ","3"
"LafayetteCounty",314120,0,0,0,0,0,3,3,3,3,0,0,0,0,0,0,0,0,0,NA,NA,NA,NA,NA,-1,-1,-1,-1,NA,-0.096969696969697,-0.0984420058471179,-0.102338939956517,-0.117454985552352,-0.135037632845337,-0.124830030131165,-0.106681750751063,-1,-0.0499962704616158,-0.0168094246581126,-0.00314547340916116,-0.00474587786424099,"Curtain and Linen Mills","3"
"LafayetteCounty",314910,0,3,0,0,0,0,0,0,0,0,0,0,0,0,0,0,0,0,NA,-1,NA,NA,NA,NA,NA,NA,NA,NA,0.0424242424242424,-0.0240262545636358,0.00124194725618487,-0.0186705569912577,-0.0369744377848878,-0.0475559583357338,-0.0503717555372586,-1,-0.0288528953926616,-0.00741452211622695,0.0065741745299881,-0.0165333066643524,"Textile Bag and Canvas Mills ","3"
"LafayetteCounty",315210,0,0,0,0,0,0,0,0,0,0,0,0,0,0,0,0,0,0,NA,NA,NA,NA,NA,NA,NA,NA,NA,NA,0,NA,NA,NA,NA,NA,NA,NA,-0.0602521988470585,-0.0531509528756171,-0.0472233778755926,-0.00665653372875725,"Cut and Sew Apparel Contractors ","3"
"LafayetteCounty",315220,0,0,75,75,175,175,175,0,0,0,0,0,0,0,0,0,0,0,NA,NA,-1,-1,-1,-1,-1,NA,NA,NA,0.0303030303030303,-0.17675156688412,-0.161418602996925,-0.154735573560043,-0.154607186838819,-0.175671575333689,-0.162421649394687,-1,-0.132890191149149,-0.106081327270116,-0.0504138839990108,-0.00538970621476625,"Men’s and Boys’ Cut and Sew Apparel Manufacturing ","3"
"LafayetteCounty",321113,0,0,0,0,0,0,0,0,0,0,0,0,0,0,0,0,0,0,NA,NA,NA,NA,NA,NA,NA,NA,NA,NA,0,-0.0100609942246848,-0.00784726172991701,-0.0194594309217871,-0.0622988286213062,-0.079472503299619,-0.0739334902609267,-0.0714928053421796,-0.0528475181543192,-0.00115522006096547,0.0123106649483216,0.000358823460321998,"Sawmills","3"
"LafayetteCounty",321219,175,175,175,0,0,0,0,0,0,0,0,75,75,0,35,64,0.0021838148125039,16.6691007453963,-1,-1,-1,NA,NA,NA,NA,NA,NA,NA,0.127272727272727,-0.0162830433994839,-0.00971356053057115,-0.022682392633253,-0.0467271398487492,-0.0665784929418536,-0.0782025626329491,-0.0718272300545044,-0.0469314745948207,-0.00576357943063432,-0.00383229562444776,-0.000414928196614038,"Reconstituted Wood Product Manufacturing","3"
"LafayetteCounty",321911,3,0,0,0,0,0,0,0,0,0,0,0,0,0,0,0,0,0,-1,NA,NA,NA,NA,NA,NA,NA,NA,NA,0.0545454545454545,0.0372392915280144,0.0172920802996952,0.0115470681108287,-0.0522602760402218,-0.0796713424547107,-0.105412050604324,-0.0958597597048118,-0.0787982142538953,-0.0260933798924589,-0.000767170576371989,-0.00760013303788824,"Wood Window and Door Manufacturing","3"
"LafayetteCounty",321912,0,0,0,3,0,0,0,0,0,0,0,0,0,0,0,0,0,0,NA,NA,NA,-1,NA,NA,NA,NA,NA,NA,0.0181818181818182,-0.0374814922541544,-0.0349795956817336,-0.0225952695042136,-0.0773701732960778,-0.0854112578042057,-0.0591723682148039,-0.0339733066651015,-0.0236276189634715,0.035579501740751,0.0348879936865256,0.00785761695520942,"Cut Stock, Resawing Lumber, and Planing","3"
"LafayetteCounty",321918,0,0,0,0,0,0,0,0,0,0,0,0,0,0,0,0,0,0,NA,NA,NA,NA,NA,NA,NA,NA,NA,NA,0,0.0260701499645135,0.0194496787603295,-0.00798846206853931,-0.0644218902546906,-0.0975063249287146,-0.114487779142323,-0.111188953476449,-0.0768110831543188,-0.0167574447678869,0.0174268826120048,-0.00504627284956287,"Other Millwork (including Flooring)","3"
"LafayetteCounty",321920,0,0,3,0,7,7,7,7,3,7,7,7,3,0,0,0,0,0,NA,NA,0.184664452542244,NA,0,0,0,-0.15587912015589,-1,-1,-0.107289199172671,0.0150695853492544,0.0318157203553775,0.0295131211706823,-0.00364265029859523,-0.0196834040822511,-0.0185580014817968,-0.0206941024718693,-0.0267993924433564,0.00812076120794103,0.023371508976942,-0.00256205408104502,"Wood Container and Pallet Manufacturing","3"
"LafayetteCounty",321992,0,3,0,0,0,0,0,0,0,0,0,0,0,0,0,0,0,0,NA,-1,NA,NA,NA,NA,NA,NA,NA,NA,0.0424242424242424,0.0194550521196259,0.00896609936172865,-0.0313533798189596,-0.0690592498423388,-0.115322813974932,-0.1336257110749,-0.130466461408035,-0.108276240436493,-0.0587913461123536,-0.0227878239069138,-0.00873713234813427,"Prefabricated Wood Building Manufacturing","3"
"LafayetteCounty",322211,75,0,0,0,0,0,0,0,0,0,0,0,0,0,0,0,0,0,-1,NA,NA,NA,NA,NA,NA,NA,NA,NA,0.0545454545454545,-0.0197492765391304,-0.0127819720637681,-0.0390213887115616,-0.0492638335886749,-0.0562870619325081,-0.056988999052468,-0.06966890805536,-0.0398265246369891,-0.0134344050943107,-0.00721501885392528,0.000256354229126636,"Corrugated and Solid Fiber Box Manufacturing","3"
"LafayetteCounty",323111,50,35,7,7,15,15,10,10,7,10,10,10,7,7,3,3,0.000187184126786049,0.0665898099967476,-0.213996914403377,-0.221629458448829,0.0739409237857793,0,-0.0778920885182722,-0.0778920885182722,0,-0.0688500849051623,0,-0.213996914403377,0.00507546161022482,-0.0378159018183626,-0.0209606841649038,-0.0231896351943647,-0.0389592187258571,-0.0547243811592919,-0.0568958921337617,-0.0588303730422705,-0.0596169513050852,-0.0381707180333685,-0.0251110552173465,-0.00151544346756012,"Commercial Gravure Printing","3"
"LafayetteCounty",323120,0,7,0,0,0,0,0,0,0,0,0,0,0,0,0,0,0,0,NA,-1,NA,NA,NA,NA,NA,NA,NA,NA,0.0424242424242424,-0.0675471800455392,-0.0435255138920467,-0.0405302229623593,-0.0564977663032531,-0.0811458184967254,-0.08386576927317,-1,-0.0961850170403044,-0.0625032726672046,-0.0465162914472416,-0.0185155571896839,"Support Activities for Printing","3"
"LafayetteCounty",324121,7,7,3,7,7,7,3,3,3,3,3,3,3,7,7,8,0.00043676296250078,3.3996417263816,0,-0.15587912015589,0,-0.15587912015589,-0.15587912015589,-0.15587912015589,0,0,0.184664452542244,0.184664452542244,0.0273540754074837,0.00596881122103543,0.0270006104799267,0.0184110639297794,-0.0148332809117458,-0.000116464151612594,-0.00577508192398568,-0.000600094915295557,-0.0195943940188669,-0.000170717944527499,0.00171578490131208,-0.00231189627499966,"Asphalt Paving Mixture and Block Manufacturing","3"
"LafayetteCounty",325211,0,0,0,0,0,0,0,0,0,0,0,0,0,35,0,0,0,0,NA,NA,NA,NA,NA,NA,NA,NA,NA,NA,0,0.000328245064985744,0.00146108250500654,0.0234906172521996,0.00735533134308142,-0.00425251032784169,0.00597682805960686,0.0302190561776154,-0.0110161526660063,0.0185254493565044,0.0248486316397243,0.00149345885111002,"Plastics Material and Resin Manufacturing","3"
"LafayetteCounty",326191,3,3,3,3,0,0,0,0,0,0,0,0,0,0,0,0,0,0,-1,-1,-1,-1,NA,NA,NA,NA,NA,NA,0.145454545454545,0.0629403238575528,0.0313877404381937,-0.0129359923755539,-0.0596222694202243,-0.100373740474723,-0.106489811268902,-0.105287318134545,-0.0709435684843621,-0.0289781795245954,0.0138592195640921,-0.00786327561128395,"Plastics Plumbing Fixture Manufacturing","3"
"LafayetteCounty",327110,15,0,0,0,0,0,0,0,0,0,0,0,0,0,3,4,0.000187184126786049,1.68375681579227,-1,NA,NA,NA,NA,NA,NA,NA,NA,NA,0.0545454545454545,-0.0999933263805152,-0.0926978466836726,-0.0840888663981816,-0.11018311516483,-0.0896703751405398,-0.0850645472713368,-1,-0.0736232907214299,-0.0269988931645577,-0.0189436291601212,-0.00862531514324361,"Pottery, Ceramics, and Plumbing Fixture Manufacturing ","3"
"LafayetteCounty",331110,0,0,0,0,0,3,3,7,0,0,0,0,0,0,0,0,0,0,NA,NA,NA,NA,NA,-1,-1,-1,NA,NA,-0.0545454545454546,-0.0571586183014621,-0.0255671514680539,-0.0246387341340301,-0.0207060684472606,-0.0252528250725562,-0.015168514462064,-1,-0.0124379776015766,0.00104206256403838,0.0157490904423925,-0.0122688474210068,"Iron and Steel Mills and Ferroalloy Manufacturing ","3"
"LafayetteCounty",332312,35,15,15,35,15,34,20,38,35,35,35,35,35,35,35,34,0.0021838148125039,2.7402866098066,-0.00578073425851311,0.0592238410488122,0.204310485211984,0,0.184664452542244,0.00581434544441439,0.118426914720145,-0.0163130960918954,0,0,-0.00781350029376886,-0.0026271680342751,0.0170630484301739,0.0284154055718693,0.0138098736069323,-0.017352915128262,-0.0356890105927979,-0.0438893192830224,-0.0460924396358232,-0.0226583377872727,0.0127041560346741,-0.00426691325499664,"Fabricated Structural Metal Manufacturing","3"
"LafayetteCounty",332912,175,175,175,175,175,171,189,194,175,159,175,189,189,175,175,175,0.0109190740625195,35.7172563586333,-0.00461380702446745,0.0155112783974816,0.0208283821252597,0,-0.0189936577398272,0.00463519291007564,0,-0.00520861666944317,0,0.0193614015747003,0.00000388960779713707,-0.0182281113129251,0.0205806968242741,0.0194267200613991,-0.00782861590829131,-0.029999793501396,-0.00268988551418314,-0.0113020914815873,-0.0188589314039967,0.015569027652512,0.0323408377391861,0.00148787928004249,"Fluid Power Valve and Hose Fitting Manufacturing","3"
"LafayetteCounty",332992,0,0,0,0,7,14,189,194,375,340,375,811,811,1250,1250,1539,0.0779933861608536,650.352322722951,NA,NA,NA,NA,1.17408327669095,0.930103713950256,0.338171604292203,0.331201581367511,0.272259636539392,0.297436821695119,0.0424805576242744,-0.00301983471636924,0.0277950665105873,0.0688500084534418,0.0446098564203388,0.0155522482846417,0.0457223876401414,0.0634515973517487,-0.0460613503302002,0.0212303760291492,0.0668928953767305,0.000578183670905155,"Small Arms Ammunition Manufacturing","3"
"LafayetteCounty",333111,7,0,0,0,0,0,0,0,0,0,0,0,0,0,0,0,0,0,-1,NA,NA,NA,NA,NA,NA,NA,NA,NA,0.0545454545454545,-0.00469355624662526,0.010423109157276,0.01878345444898,0.00516161952093253,-0.0211675007487532,-0.0136514147920114,0.0134722518561807,0.029634209451185,0.0535825925104287,0.0454697131617521,0.00509265191588471,"Farm Machinery and Equipment Manufacturing","3"
"LafayetteCounty",333112,175,175,175,175,0,0,0,0,0,0,0,0,0,0,0,0,0,0,-1,-1,-1,-1,NA,NA,NA,NA,NA,NA,0.145454545454545,-0.0436974629000408,-0.0147098584489554,-0.00299123089070874,-0.0090181564778391,-0.0160559160274736,-0.0399676981455306,-0.0591020372070935,-0.0523214939154319,-0.0512641728798182,-0.0594630617037497,-0.00496112321017488,"Lawn and Garden Tractor and Home Lawn and Garden Equipment Manufacturing","3"
"LafayetteCounty",333514,15,15,15,15,15,15,15,15,15,15,15,15,15,15,15,15,0.000935920633930243,2.56883287255649,0,0,0,0,0,0,0,0,0,0,0,-0.0482453744430971,-0.0260978514099771,-0.0260190745673021,-0.0456459656976563,-0.0594560313823556,-0.0466010476726929,-0.0447930876561176,-0.0316636863767488,-0.00491544079169393,0.00659369287300349,0.00381223659975717,"Special Die and Tool, Die Set, Jig, and Fixture Manufacturing","3"
"LafayetteCounty",334419,0,0,75,75,35,35,35,35,0,0,0,0,0,0,0,0,0,0,NA,NA,-0.141379296515511,-1,-1,-1,-1,-1,NA,NA,-0.0260188091964996,-0.096368729501581,-0.0588631233049166,-0.0345555708126281,-0.0407304720326443,-0.04095162454513,-0.0400398110499317,-0.0333758020490039,-0.0384580518344686,-0.0339894208434688,-0.0163143604877428,0.00544284034358543,"Other Electronic Component Manufacturing","3"
"LafayetteCounty",334614,0,0,0,0,0,0,0,0,0,0,0,0,0,0,15,15,0.000935920633930243,12.9480649745812,NA,NA,NA,NA,NA,NA,NA,NA,NA,NA,0,-0.0113129266358856,-0.0502491752797161,-0.0740353233681943,-0.0913228725089811,-0.0978280871100036,-0.132432997906701,-1,-0.0968819303195685,-0.0833221427455331,-0.107059396828607,-0.0240490808001324,"Software and Other Prerecorded Compact Disc, Tape, and Record Reproducing ","3"
"LafayetteCounty",335121,2,0,0,0,0,0,0,0,0,0,0,0,0,0,0,0,0,0,-1,NA,NA,NA,NA,NA,NA,NA,NA,NA,0.0545454545454545,-0.0748232595516488,-0.0207000265530545,-0.0265527253265002,-0.0404643444684198,-0.095782590373928,-0.0767554843657423,-0.108201604082625,-0.0940083342563159,-0.0722544081358414,-0.00609261436168818,-0.00159859140517194,"Residential Electric Lighting Fixture Manufacturing","3"
"LafayetteCounty",335221,353,341,375,375,1250,1250,750,750,750,0,0,0,0,0,0,0,0,0,0.287736665686994,0.170742480025116,0.148698354997035,0.148698354997035,-1,-1,-1,-1,-1,NA,-0.121057055705061,-0.000397294111958879,-0.00746072387977281,-0.088792800004849,-0.116068077719835,-0.11865877387276,-0.108083568233171,-0.0785516799742391,-0.0148324920894446,0.0463163217769995,0.0661473600193232,0.00889858875898391,"Household Cooking Appliance Manufacturing","3"
"LafayetteCounty",335312,707,683,175,0,0,0,0,0,0,0,0,0,0,0,0,0,0,0,-1,-1,-1,NA,NA,NA,NA,NA,NA,NA,0.127272727272727,-0.059362830938462,-0.0456999006614646,-0.0398576829371939,-0.0459549484362943,-0.0658005078766445,-0.0738886724156639,-0.0533592133833061,-0.0502011574777422,-0.0364045295687333,-0.00505016176437467,0.00285977750383702,"Motor and Generator Manufacturing","3"
"LafayetteCounty",335999,165,68,0,0,0,0,0,0,0,0,0,0,0,0,0,0,0,0,-1,-1,NA,NA,NA,NA,NA,NA,NA,NA,0.096969696969697,-0.0493152252318071,-0.0280071949298527,0.00220401236898482,-0.00364022369534311,-0.0255853341287895,-0.0243196123179767,-0.00992117573789508,-0.0371648122588205,-0.0262106652347244,0.0138309948732576,0.00222103291730673,"All Other Miscellaneous Electrical Equipment and Component Manufacturing","3"
"LafayetteCounty",336112,0,0,0,0,0,0,0,0,0,3,0,0,0,0,0,0,0,0,NA,NA,NA,NA,NA,NA,NA,NA,NA,-1,-0.0545454545454545,0.022308905315197,0.0137994312278016,-0.069843802255839,-0.124173386313885,-0.138520196980139,-0.133596872363668,-0.0919225696453218,-0.0476078221213238,0.0285025457407473,0.081533143597053,0.00514421588740642,"Light Truck and Utility Vehicle Manufacturing","3"
"LafayetteCounty",336310,0,0,0,0,0,0,0,0,0,0,0,0,0,0,0,0,0,0,NA,NA,NA,NA,NA,NA,NA,NA,NA,NA,0,-0.05245202747938,-0.0213747900321092,-0.0758060276224757,-0.118578004924702,-0.106352890485867,-0.0734543321898472,-1,-0.0305123376832813,0.0217899174097855,0.046459427691504,-0.00722753290062231,"Motor Vehicle Gasoline Engine and Engine Parts Manufacturing","3"
"LafayetteCounty",337110,3,3,5,11,10,11,16,40,3,3,1,3,3,0,0,0,0,0,0.296744116109658,0.397654237543158,0.515716566510398,-0.228837835023239,-0.213996914403377,-0.380956079316154,-0.284515459447372,-0.404321050916454,-1,-1,-0.159930041412779,0.0355445424464655,0.0168628320557185,0.00097802805518743,-0.0649403297102359,-0.0969257182896556,-0.120243154744817,-0.111018699886472,-0.0854560735014138,-0.0175409211923594,0.0138887958121439,-0.00623909725583222,"Wood Kitchen Cabinet and Countertop Manufacturing","3"
"LafayetteCounty",337122,0,3,2,2,3,2,3,3,2,3,1,3,3,3,0,0,0,0,NA,0,0.0844717711976986,0,0,-0.129449436703876,0,0,0.0844717711976986,-1,-0.0543060963291423,-0.0917909986876443,-0.0875430836119838,-0.10524084505065,-0.159225307698431,-0.168301502995568,-0.152865699925041,-0.146922532634808,-0.118560618509207,-0.0491767401907666,-0.0336882433379586,0.00471051189735941,"Nonupholstered Wood Household Furniture Manufacturing","3"
"LafayetteCounty",337127,7,7,5,6,7,6,3,3,2,3,1,3,0,3,3,3,0.000187184126786049,0.905539173560951,-0.0303597339044209,-0.15587912015589,-0.0971195485525658,-0.197258438239769,-0.15587912015589,-0.301172881228421,0,-1,0.0844717711976986,0,-0.0128013749028817,-0.0433915805591144,-0.0262937536298148,0.0373523624995329,0.0147536800062924,-0.0170193253705933,-0.0229380542197974,-0.0269220768850079,-0.0724610920415807,-0.0380974031166922,-0.019687062120485,-0.00332907971326758,"Institutional Furniture Manufacturing","3"
"LafayetteCounty",339999,0,0,75,35,0,3,0,0,0,0,0,0,0,0,3,4,0.000187184126786049,0.454826271314107,NA,NA,-1,-1,NA,-1,NA,NA,NA,NA,0.0424242424242424,0.058065216917226,0.0646151603847602,-0.0352239353526046,-0.0661005019163805,-0.0788356374516035,-0.0636282324656435,-0.0706242922696915,-0.0733331376489103,-0.049216984515789,-0.0426032384123972,-0.0114651581201573,"All Other Miscellaneous Manufacturing","3"
"LafayetteCounty",423220,0,0,0,0,2,3,2,0,0,0,0,2,2,2,2,2,0.000124789417857366,0.180159663732942,NA,NA,NA,NA,-1,-1,0,NA,NA,NA,0.00000000000000000611157660660644,NA,NA,-0.00536981075368292,-0.0268286867063625,-0.0371394821342003,-0.0465123578052552,-0.0256166613058522,-0.0358913369938073,0.00111901960296956,0.0153083533905176,-0.0000771885632406065,"Home Furnishing Merchant Wholesalers","4"
"LafayetteCounty",423430,0,0,0,0,0,1,0,0,0,0,0,0,0,0,0,0,0,0,NA,NA,NA,NA,NA,-1,NA,NA,NA,NA,-0.00606060606060606,NA,NA,-0.0169956615852094,-0.0333333038096993,-0.0513016717025158,-0.0613651394426946,-0.0582491486882111,-0.0585318379860749,-0.0490039128231451,-0.0418952774332865,-0.00613682891540385,"Computer and Computer Peripheral Equipment and Software Merchant Wholesalers","4"
"LafayetteCounty",423450,0,0,2,10,5,3,2,2,2,2,2,15,7,8,9,12,0.000561552380358146,0.352004273217007,NA,NA,0,-0.275220336322304,-0.167446792598127,-0.0778920885182722,0.496277869738845,0.284735157123439,0.319507910772894,0.350960038520614,0.0558964898786441,NA,NA,0.0457117738093347,0.0448785765393125,0.0356736991835578,0.0331873278705628,0.0223581947041205,0.0181167941009872,0.0138022930853292,0.0197544915428518,0.000402327637107045,"Medical, Dental, and Hospital Equipment and Supplies Merchant Wholesalers","4"
"LafayetteCounty",423610,0,0,7,7,14,7,17,13,46,62,60,7,11,9,9,7,0.000561552380358146,0.32991310210439,NA,NA,0.131798365631002,0.457242934603506,0.346643784006184,0.536776256871066,-0.162606040649437,-0.0328588399993937,-0.278399317075165,-0.320217212196854,-0.0443845491535986,NA,NA,0.0430348051967806,0.0253776235221286,0.00591733199180444,-0.00293156405467332,0.0224350090329821,0.00219135142410387,0.0186974612538156,0.0460709160252448,0.00196137251288855,"Electrical Apparatus and Equipment, Wiring Supplies, and Related Equipment Merchant  Wholesalers","4"
"LafayetteCounty",423620,0,0,0,0,0,0,0,0,0,0,0,0,0,0,0,0,0,0,NA,NA,NA,NA,NA,NA,NA,NA,NA,NA,0,NA,NA,NA,NA,NA,NA,NA,NA,NA,NA,0,"Electrical and Electronic Appliance, Television, and Radio Set Merchant Wholesalers","4"
"LafayetteCounty",423690,0,0,0,0,0,0,0,0,0,2,2,15,12,7,9,10,0.000561552380358146,0.244527920793609,NA,NA,NA,NA,NA,NA,NA,NA,NA,0.350960038520614,0.0191432748283971,NA,NA,0.00238354133392771,0.0354426384039219,0.0264840477474966,0.0319861483832407,0.0340129677126626,0.0147159873946758,-0.0160469740062983,-0.00279387619192428,-0.000452111423670909,"Other Electronic Parts and Equipment Merchant Wholesalers","4"
"LafayetteCounty",423810,0,0,0,0,0,0,0,6,7,13,6,7,4,6,7,7,0.00043676296250078,0.569105913053611,NA,NA,NA,NA,NA,NA,NA,-0.0778920885182722,-0.0303597339044209,-0.116450394021837,-0.0100001947037506,NA,NA,0.037798002791309,0.0109281662130063,-0.0229963433102099,-0.0393262656074503,-0.038980506403873,-0.0369674098244207,-0.00561607752349413,0.0265833321952049,-0.00206027609778267,"Construction and Mining (except Oil Well) Machinery and Equipment Merchant Wholesalers","4"
"LafayetteCounty",423830,0,0,2,14,2,3,2,2,2,2,0,5,3,4,5,6,0.000311973544643414,0.0988124320994507,NA,NA,0,-0.322389086599519,0,-1,0.201124433981431,0.0844717711976986,0.148698354997035,0.201124433981431,0.0232964109608695,NA,NA,0.0268161499395205,0.0223438718237323,-0.000689229934926039,0.000513651970399209,0.0146554906800749,0.00850318052856358,0.0236014469818862,0.047840492621684,0.00292331790235107,"Industrial Machinery and Equipment Merchant Wholesalers","4"
"LafayetteCounty",423910,0,0,5,8,10,13,7,0,0,0,0,0,0,0,0,0,0,0,NA,NA,-1,-1,-1,-1,-1,NA,NA,NA,0.0303030303030303,NA,NA,0.0252042066261184,0.00623464084370973,0.00261295089967506,-0.00158830966910883,0.0204810381292237,0.00146891832175489,0.021378092245053,0.028500321318732,0.00197582440818121,"Sporting and Recreational Goods and Supplies Merchant Wholesalers","4"
"LafayetteCounty",424120,0,0,0,0,0,0,0,0,0,0,0,0,0,0,2,2,0.000124789417857366,0.221158707401103,NA,NA,NA,NA,NA,NA,NA,NA,NA,NA,0,NA,NA,-0.0670480342801979,-0.0493204002025511,-0.0537307505921777,-0.049983112479865,-0.0362814320266813,-0.0326310479220993,-0.0168240119638424,-0.00961638074316107,0.0000644482666367803,"Stationery and Office Supplies Merchant Wholesalers","4"
"LafayetteCounty",424210,0,0,13,13,6,21,2,7,6,6,6,4,4,35,32,40,0.00199663068571785,0.906518827871948,NA,NA,-0.116450394021837,-0.14327472495069,0,-0.221629458448829,0.148698354997035,-0.105887039342019,0.422929420017725,0.397654237543158,0.0439181856533694,NA,NA,0.0111290510106878,0.00287280547683655,0.000686179270452891,-0.00388494764645753,0.0160344052596793,0.00732933625474508,0.0170184327253082,0.0180837643435159,0.00180483640497397,"Drugs and Druggists' Sundries Merchant Wholesalers","4"
"LafayetteCounty",424330,0,0,0,0,0,0,0,100,61,60,113,128,139,156,143,159,0.00892244337680165,12.0716359166948,NA,NA,NA,NA,NA,NA,NA,0.0680779763415207,0.206587863584401,0.189698618886659,0.0211744999804748,NA,NA,0.0296660000945437,0.0171778119614745,-0.00889160703772784,-0.0118759626191517,0.0090896389355497,0.000829763687418383,0.0244992277340348,0.0239332730674386,0.00130584239424465,"Women's, Children's, and Infants' Clothing and Accessories Merchant Wholesalers","4"
"LafayetteCounty",424460,0,0,2,2,4,2,2,3,2,1,2,0,0,0,0,0,0,0,NA,NA,0.0844717711976986,0,-0.242141716744801,0,-1,-1,-1,-1,-0.146546770540871,NA,NA,-0.0249554959562936,-0.0321072098976622,-0.0303470773980457,-0.0123748706581215,-0.0377103832572648,-0.00220142560445935,0.0165871780184419,0.0245685440087247,0.0027403647310782,"Fish and Seafood Merchant Wholesalers","4"
"LafayetteCounty",424510,0,0,0,0,2,2,2,0,0,0,0,0,0,0,0,0,0,0,NA,NA,NA,NA,-1,-1,-1,NA,NA,NA,-0.0181818181818182,NA,NA,0.0039844033965033,0.00606543766348566,0.0201965872235097,0.0283414376683491,0.0217681349218524,0.0053335715037639,0.0119782457584003,0.00258679481999802,0.00102501609966683,"Grain and Field Bean Merchant Wholesalers","4"
"LafayetteCounty",424710,0,0,6,6,2,2,5,3,2,2,2,2,2,2,2,2,0.000124789417857366,0.194699571320466,NA,NA,-0.129449436703876,-0.197258438239769,0,0,-0.167446792598127,-0.0778920885182722,0,0,0.00210437380516937,NA,NA,0.0142989319718192,0.00526362904815514,0.00992897939617143,-0.00332073264386512,0.0353822599157156,0.00869112906632541,0.0107342449292389,0.018158286859739,0.00174322098349999,"Petroleum Bulk Stations and Terminals","4"
"LafayetteCounty",424720,0,0,12,13,13,14,10,15,12,12,9,11,0,0,0,0,0,0,NA,NA,0.0456395525912732,-0.0158810858664757,-0.0158810858664757,-0.0845747343304982,0.0192448764914566,-1,-1,-1,-0.12843341529907,NA,NA,-0.0174438070270433,-0.02008263211729,0.00641980809802511,0.0308052148827882,-0.031585842091436,-0.0320863320552524,-0.0249755900282216,-0.0689621926551162,-0.0053262164386201,"Petroleum and Petroleum Products Merchant Wholesalers (except Bulk Stations and Terminals)","4"
"LafayetteCounty",424910,0,0,0,0,0,0,2,3,4,4,3,4,3,2,1,1,0.0000623947089286828,0.0783603046852004,NA,NA,NA,NA,NA,NA,0.148698354997035,0,-0.129449436703876,-0.242141716744801,-0.0159959178341772,NA,NA,0.00260310532317587,0.011958336744351,0.0149963626296379,0.0149248415978436,0.0314781514284272,0.0289299303067969,0.0346073176691679,0.0369904320138503,0.0046381039984689,"Farm Supplies Merchant Wholesalers","4"
"LafayetteCounty",424920,0,0,0,0,0,0,0,5,6,6,2,2,1,2,1,1,0.0000623947089286828,0.166016837996172,NA,NA,NA,NA,NA,NA,NA,-0.275220336322304,-0.197258438239769,-0.301172881228421,-0.0331361616990648,NA,NA,-0.0118298380307189,-0.0519329235557705,-0.0557969757307238,-0.0583816128120043,-0.0600392684838822,-0.047993811746191,-0.0272258658408359,-0.0373048663652162,-0.00444877817342893,"Book, Periodical, and Newspaper Merchant Wholesalers","4"
"LafayetteCounty",424990,0,0,2,4,5,5,2,0,0,0,0,2,1,2,1,1,0.0000623947089286828,0.0959115924043053,NA,NA,-1,-1,-1,-1,0,NA,NA,NA,0.0484848484848485,NA,NA,-0.00402152915525056,-0.0333946389738787,-0.0344416173416473,-0.0421173953248222,-0.0175904152170923,-0.0287583897460555,-0.00217263810297785,0.000626619363053971,-0.000566765467395147,"Other Miscellaneous Nondurable Goods Merchant Wholesalers","4"
"LafayetteCounty",425120,0,0,2,0,0,0,15,15,14,9,13,15,10,10,10,9,0.000623947089286828,0.27378209073835,NA,NA,0.496277869738845,NA,NA,NA,0,-0.0778920885182722,-0.0650801238515298,0.0212956876001351,-0.0189984816354247,NA,NA,0.0291546416100392,0.00572383673359655,-0.0112966769888679,-0.0222713721046478,-0.0385590159450563,-0.0138986007321761,-0.0141960864195232,-0.0101758089676075,-0.00333360212429057,"Wholesale Trade Agents and Brokers","4"
"LafayetteCounty",453920,2,9,2,2,7,3,2,2,3,2,2,2,2,2,2,2,0.000124789417857366,0.858266147696776,0.0844717711976986,-0.259785655025693,0,0.0844717711976986,-0.221629458448829,-0.0778920885182722,0,0,-0.0778920885182722,0,0.00244443079460681,-0.0047046472782164,-0.00298150184852508,0.00675144624799229,-0.0289777393395627,-0.0357972958164274,-0.0398317448651073,-0.0540132251978933,-0.0532931056588072,-0.021407391006527,-0.0136434514119729,-0.00356844925737873,"Art Dealers","4"
"LafayetteCounty",454111,0,0,11,0,0,0,0,0,0,0,0,2,3,5,9,10,0.000561552380358146,0.299901478983747,NA,NA,-1,NA,NA,NA,NA,NA,NA,NA,0.0303030303030303,NA,NA,0.138881325310768,0.164042379768578,0.155845924999064,0.133862656927041,0.206855452326282,0.0882321125499614,0.103640176967526,0.1132762676384,0.00968592444433541,"Electronic Shopping","4"
"LafayetteCounty",454113,0,0,24,36,41,41,46,43,42,42,39,34,38,34,33,31,0.00205902539464653,1.433597281079,NA,NA,0.12370274760426,0.0313103064775451,0.00483114283582986,-0.00995222962632403,-0.0586649772894917,-0.0244196859977506,-0.0413812366370623,-0.0470877063056446,-0.0105380569999003,NA,NA,0.00907602916525363,-0.00676464660654219,-0.00826241962265939,-0.00493017871513268,-0.0305592844805893,-0.0165631226439953,-0.00869698257179929,-0.00545857904103164,-0.00185608194625902,"Mail-Order Houses","4"
"LafayetteCounty",481211,0,0,2,2,2,4,0,0,0,2,2,0,0,0,0,0,0,0,NA,NA,-1,-1,0,-0.129449436703876,NA,NA,NA,-1,-0.00684514810123561,0.0850437102825286,0.0824571726050543,0.0352759743948159,-0.0240625458133128,-0.0301986160937006,-0.0386979501795243,-0.0270462222524408,-0.0124444833761868,0.0156188065025784,0.0104110060386284,-0.00845827607982214,"Nonscheduled Chartered Passenger Air Transportation","4"
"LafayetteCounty",484121,30,19,27,6,8,10,12,16,15,15,25,23,27,40,33,40,0.00205902539464653,0.49089627933404,-0.197258438239769,-0.0878095335085057,-0.0993599743195911,0.201124433981431,0.133966577633027,0.201124433981431,0.138962218587899,0.11032151746146,0.216728683786412,0.170804912964892,0.0386267657635117,0.0338431580061911,0.0207906401893321,-0.0203104627182301,-0.0306261182564612,-0.0432340396734384,-0.0437856315393633,-0.0247239904436188,-0.00898217853146088,0.00413202545027769,0.0185171004750628,-0.00109544611180052,"General Freight Trucking, Long-Distance, Truckload","4"
"LafayetteCounty",484230,7,5,6,5,6,7,7,0,0,0,0,0,0,0,0,0,0,0,0,0.0696103757250688,-1,-1,-1,-1,-1,NA,NA,NA,0.0273498628480274,-0.00169577779501984,0.0338269624630561,0.0634490941711647,0.0377678167318343,0.0191694580560582,0.0471970003609035,-0.0416796203408226,-0.0155582392532245,0.005672260456556,0.0150276570677961,-0.00395105112918321,"Specialized Freight (except Used Goods) Trucking, Long-Distance","4"
"LafayetteCounty",485310,0,0,0,0,0,0,0,5,7,5,0,0,0,0,0,0,0,0,NA,NA,NA,NA,NA,NA,NA,-1,-1,-1,-0.127272727272727,0.0113442171666118,0.0356551165549477,0.000986657998222062,0.000645457605697786,-0.00519494327213343,-0.00650342076998034,-0.0020495291284347,0.0159375498658629,0.0289014574556958,0.0342059866542184,0.00135661414140398,"Taxi Service","4"
"LafayetteCounty",485320,0,0,0,0,2,2,0,2,11,10,7,2,0,0,0,0,0,0,NA,NA,NA,NA,0.379729661461215,0.284735157123439,NA,-1,-1,-1,-0.127848451541441,0.00359571935389469,0.0213644706930818,0.0377551017387792,0.000228200404444268,-0.00692541893268928,-0.00575257252571715,0.00533956634164734,-0.0026538727598947,0.0325238392382661,0.0337564940158377,0.0009940886272666,"Limousine Service","4"
"LafayetteCounty",485510,0,0,0,0,0,2,3,14,14,11,14,33,14,3,2,2,0.000124789417857366,0.384439650833098,NA,NA,NA,NA,NA,0.475773161594552,0.615394266202178,0,-0.26515009256169,-0.288905266639552,-0.0129348005302225,-0.0256114171980322,-0.0127413143458649,0.0232197638483613,-0.000397965819098456,0.0284227358001972,0.000766293895434256,0.0199910032183417,0.0206961514308208,0.032045626824438,0.0198443781575384,0.00450607969401279,"Charter Bus Industry","4"
"LafayetteCounty",486110,0,0,0,0,0,0,0,0,0,0,0,0,14,15,14,14,0.00087352592500156,6.85420496692123,NA,NA,NA,NA,NA,NA,NA,NA,NA,NA,0,0.0642503452779455,0.0778262776582466,-0.0229639697698126,0.0344356628243707,0.0568313709395658,0.0598446932685266,0.0439343429189234,0.14288008743173,0.115473503715058,0.116281670806873,0.00965177067138399,"Pipeline Transportation of Crude Oil","4"
"LafayetteCounty",486210,0,0,14,13,5,12,15,0,0,0,0,0,0,0,0,0,0,0,NA,NA,-1,-1,-1,-1,-1,NA,NA,NA,0.0303030303030303,-0.0954972772906367,-0.0700503937357624,-0.0218156484706401,0.00278685555903113,0.0472127400705269,0.0477513457454315,0.0683976121232142,0.0723306819528176,0.0837158219429286,0.00480217550116691,0.0160434006809807,"Pipeline Transportation of Natural Gas","4"
"LafayetteCounty",488119,0,0,0,0,2,2,0,0,0,0,0,0,0,0,0,0,0,0,NA,NA,NA,NA,-1,-1,NA,NA,NA,NA,0.00000000000000000611157660660644,0.0193264272906271,0.00790878646474624,0.0863334255999824,0.0395115361644767,0.0326148778574729,0.0141900334337315,0.0371882923300131,-0.00846551148691332,0.0166098069748437,0.0288763905608926,-0.00213656029308205,"Other Airport Operations","4"
"LafayetteCounty",488510,2,6,5,5,6,8,3,24,15,15,2,15,27,5,9,7,0.000561552380358146,0.259877201062343,0.319507910772894,-0.129449436703876,0.368510857837263,0.245730939615517,0.201124433981431,-0.242141716744801,0.379729661461215,0.0238362555396097,-0.197258438239769,-0.0971195485525658,-0.0362966857051988,0.0348218736772259,0.0604181515922997,0.0783791957146223,0.0624282885266578,0.0417661268398986,0.0295079391768724,0.0284014974370324,-0.0101934996374108,0.00719228760763935,0.0272303579433475,-0.00604913167993695,"Freight Transportation Arrangement","4"
"LafayetteCounty",488999,0,0,0,0,0,0,0,0,0,0,0,0,0,0,0,0,0,0,NA,NA,NA,NA,NA,NA,NA,NA,NA,NA,0,0.00451764353803141,0.0062629630798956,0.157405840124677,0.13969562171981,-0.00930898306789874,-0.289941780341411,-0.387997361046337,-0.31498776910404,-0.299659900851298,-0.295408812327088,-0.0549483511637574,"All Other Support Activities for Transportation","4"
"LafayetteCounty",493110,0,0,0,0,0,0,15,0,0,0,0,0,0,0,0,0,0,0,NA,NA,NA,NA,NA,NA,-1,NA,NA,NA,-0.0181818181818182,0.365008604349547,0.399386112494948,0.0855157392421082,0.0660466544305756,0.0501884679872484,0.0427242128227847,0.0277695380810703,0.0138024764039422,0.0332284087724266,0.0549499805814311,-0.035360566414391,"General Warehousing and Storage","4"
"LafayetteCounty",511120,0,0,78,73,46,78,53,14,38,34,13,14,14,15,15,14,0.000935920633930243,1.07508576722575,NA,NA,-0.290738009404453,-0.12240902717823,-0.0586649772894917,-0.301172881228421,-0.233750095823891,0,-0.169649345181962,-0.150971109763633,-0.0101159179818187,NA,NA,0.0114142489118907,-0.0134501189498678,-0.0327840849216928,-0.0652422926046985,-0.0769828536724342,-0.083052272242787,-0.0516948543044987,-0.0477732268527959,-0.00901340629958029,"Periodical Publishers","5"
"LafayetteCounty",511130,0,0,0,0,0,0,0,0,0,0,0,0,0,0,0,0,0,0,NA,NA,NA,NA,NA,NA,NA,NA,NA,NA,0,NA,NA,0.0218666217097261,-0.00785131994984078,-0.0102384039881778,-0.0329139298395706,-0.0588871525921815,-0.0676260620632605,-0.0507042565024424,-0.0484200355308348,-0.00856943368447247,"Book Publishers","5"
"LafayetteCounty",511140,0,0,15,14,16,0,0,0,0,0,0,0,0,0,0,0,0,0,NA,NA,-1,-1,-1,NA,NA,NA,NA,NA,0.0545454545454546,NA,NA,0.00296713224336154,-0.0348611811492763,-0.0594233101788776,-0.0868551947848841,-0.125808217867703,-0.131932913711832,-0.131209224974056,-0.133133429661642,-0.0187359919170329,"Directory and Mailing List Publishers","5"
"LafayetteCounty",511199,0,0,0,0,0,0,0,0,0,0,0,0,0,0,0,0,0,0,NA,NA,NA,NA,NA,NA,NA,NA,NA,NA,0,NA,NA,-0.0770721644327831,-0.0540416170097847,-0.0419733420366032,-0.0651415250577257,-0.104248143035067,-0.0712988800987502,-0.0777500099057244,-0.0807762841177031,-0.00858277555046184,"All Other Publishers","5"
"LafayetteCounty",512110,0,0,0,0,5,2,2,0,0,0,0,0,0,0,0,0,0,0,NA,NA,NA,NA,-1,-1,-1,NA,NA,NA,-0.0181818181818182,0.0862591813233466,0.0901646341732405,0.109039144701449,0.036896926811858,-0.000993329034120971,-0.0218992294294679,0.00388762076415805,0.00991246645218147,0.0781878986362854,0.117861592449797,-0.0025150464145783,"Motion Picture and Video Production","5"
"LafayetteCounty",512220,0,0,0,0,0,0,0,0,0,0,0,6,35,3,7,7,0.00043676296250078,3.92324389196279,NA,NA,NA,NA,NA,NA,NA,NA,NA,NA,0,-0.014384987665322,-0.0334334935009361,-0.0573946339234129,-0.0394481528354608,0.0205228560771145,0.00115883558686836,0.00490298389262245,-0.0252102362398461,0.0927361124531059,0.0896692885792685,0.0126926491272209,"Integrated Record Production/Distribution","5"
"LafayetteCounty",512240,0,0,0,0,2,2,2,2,2,0,0,0,0,0,0,0,0,0,NA,NA,NA,NA,-1,-1,-1,-1,-1,NA,-0.0909090909090909,-0.0735536452123816,-0.0178597306039603,0.0189014055822627,0.00571680990358203,0.0129703567462487,-0.00534283642983668,0.00534006213442728,-0.00285356587827912,-0.00379787857584146,-0.017805231421214,0.00286030542140049,"Sound Recording Studios","5"
"LafayetteCounty",512290,0,0,0,0,0,2,2,0,0,0,0,0,0,0,0,0,0,0,NA,NA,NA,NA,NA,-1,-1,NA,NA,NA,-0.0242424242424242,0.00242649477539558,0.0148385565881508,-0.0120741563897599,-0.0164059495860158,-0.0158521343803661,-0.0520248085268845,-0.0230754842542239,0.000330815532505468,-0.0385685339859165,-0.0472865542262146,-0.00494196056710775,"Other Sound Recording Industries","5"
"LafayetteCounty",517210,21,14,23,22,23,24,15,37,34,27,25,40,18,46,33,33,0.00205902539464653,1.12851614248976,0.0270660870893518,0.0138942140146645,0.0997520434433294,0.0909660785014497,0.0325882661698758,0.0081978184971665,0.216728683786412,-0.134206828516334,0.0623210396661649,0.0409503969692568,-0.00213909347355451,-0.00776239768524167,0.0517490689170022,0.0229818174980949,0.0196606882997159,0.0137787587566427,0.0151907924485808,-0.0178906427401047,-0.0204523897552693,-0.0406692901818436,-0.0357982077904704,-0.00744038666868681,"Wireless Telecommunications Carriers (except Satellite)","5"
"LafayetteCounty",517919,0,0,0,0,0,0,0,2,2,2,2,0,0,0,0,0,0,0,NA,NA,NA,NA,NA,NA,NA,-1,-1,-1,-0.127272727272727,-0.108099681659459,0.0194829003689423,0.305975863144262,0.33880560851899,0.275668019106798,0.226497292710487,0.135365558053983,-0.0408603063403538,-0.0439342339712321,0.00705067591766229,-0.0109165966509184,"All Other Telecommunications","5"
"LafayetteCounty",518210,0,0,0,0,0,0,0,0,0,0,0,0,0,0,3,3,0.000187184126786049,0.0422011505202119,NA,NA,NA,NA,NA,NA,NA,NA,NA,NA,0,0.0406620384117833,0.0271400052028079,-0.00487861946016044,0.0105503641352238,0.00196441286082427,0.00379377851780771,0.0303330008782408,0.0458776439302311,0.0638999898671671,0.0700320595747275,0.00507035561184851,"Data Processing, Hosting, and Related Services","5"
"LafayetteCounty",519110,0,0,0,0,0,0,0,0,0,0,0,0,0,0,2,2,0.000124789417857366,2.07798804684402,NA,NA,NA,NA,NA,NA,NA,NA,NA,NA,0,0.0162350689171524,0.0628554169951983,-0.0266173200580558,-0.0517100899582486,-0.071827033955488,-0.0681038106558107,-0.0863744560186392,-0.0323757201512092,-0.0482511981277658,-0.0276070990769854,-0.00788719814033485,"News Syndicates","5"
"LafayetteCounty",519130,0,0,0,0,0,2,3,0,2,2,4,6,8,12,8,10,0.000499157671429463,0.283189452599163,NA,NA,NA,NA,NA,0.148698354997035,0.148698354997035,NA,0.430969081105256,0.319507910772894,0.0393160496041271,NA,NA,0.145997635434225,0.141734645039015,0.121587860738709,0.157279495418013,0.168406054668083,0.149516685888562,0.169211981968448,0.179559143485405,0.0177807107938544,"Internet Publishing and Broadcasting and Web Search Portals","5"
"LafayetteCounty",522120,10,9,13,14,17,9,10,12,12,5,5,5,5,5,9,9,0.000561552380358146,0.540673986196246,-0.0208516376390232,0.0212956876001351,-0.0158810858664757,-0.0303597339044209,-0.217103743236495,-0.1109104638678,-0.129449436703876,-0.160621672514612,-0.160621672514612,0.124746113142095,-0.00532012440026378,0.00706114987611595,-0.00784312739356463,-0.0189918896231481,-0.0263776087877707,-0.0409879038667025,-0.0492097802829701,-0.0481778798881733,-0.104515503757621,-0.0954206323673852,-0.0907527986655889,-0.0120885383762541,"Savings Institutions","5"
"LafayetteCounty",522220,3,2,0,0,0,0,0,0,0,0,0,0,0,0,0,0,0,0,-1,-1,NA,NA,NA,NA,NA,NA,NA,NA,0.096969696969697,-0.0552768332127479,-0.0428901497082036,-0.0440468550530798,-0.0432857302613302,-0.0623046520562792,-0.0487474076430119,-0.048889351078534,-0.0582522532745978,-0.0137693441556402,0.0277308016690367,0.00531293177974589,"Sales Financing","5"
"LafayetteCounty",522291,19,21,25,27,23,25,27,22,29,22,17,24,14,14,18,17,0.00112310476071629,1.7773488451339,0.056421622299043,0.0515474967972804,-0.0252426144692079,0.0143944087395906,-0.00885095018358018,-0.0742328151191626,-0.0232813161388261,-0.0864315960065141,-0.135537800486815,-0.0393394316275633,-0.0160957606883969,0.0368900669504397,0.0451642958802625,0.00425077316483136,-0.0311371106056313,-0.0684549913139286,-0.101439487337239,-0.0857356762067486,-0.0577728240757824,-0.0378218144872516,0.00625357820497907,-0.00826381424431198,"Consumer Lending","5"
"LafayetteCounty",522292,7,10,9,11,5,7,14,9,6,3,5,6,8,10,11,12,0.000686341798215511,0.349108119933337,0,0.0696103757250688,0,-0.114167289655243,-0.0971195485525658,-0.0650801238515298,-0.15587912015589,-0.0232813161388261,0.10756634324829,0.296744116109658,0.0165265828494208,0.0981189166816105,0.066788083067191,-0.0267953613633034,-0.0891710140976997,-0.107985413032872,-0.111796556395164,-0.117897339678447,-0.0225238526097773,0.00416954396404834,0.0210862561733611,-0.00727428057353421,"Real Estate Credit","5"
"LafayetteCounty",522298,11,10,11,13,7,13,8,7,37,40,45,59,75,76,85,104,0.00530355025893804,9.11249700156258,0.0339752265319502,-0.043647500209963,-0.0864315960065141,0.232683759853001,0.417073544638086,0.281899069502207,0.491256689785154,0.606914037667553,0.154841477375171,0.162711015219498,0.0403352571170593,0.0212036833847709,0.0323594703719516,0.00853508513411105,0.00974758791299979,0.0198366668004974,0.0235905054913201,0.0346878762734586,0.0531783909398542,0.0306118342517403,0.0276141945785577,0.00210455988305162,"All Other Nondepository Credit Intermediation","5"
"LafayetteCounty",522310,0,0,0,0,0,0,3,2,2,3,3,0,0,0,0,0,0,0,NA,NA,NA,NA,NA,NA,-1,-1,-1,-1,-0.145454545454545,0.164985399771848,0.0840788198446571,-0.0979985065774452,-0.155238985777351,-0.197228884998275,-0.22979821239223,-0.238757541204884,-0.114950976690991,-0.0884382840830542,-0.0330095650609608,-0.0203482530620215,"Mortgage and Nonmortgage Loan Brokers","5"
"LafayetteCounty",522320,0,0,0,0,0,0,0,0,0,0,0,0,0,0,4,4,0.000249578835714731,0.224381229917913,NA,NA,NA,NA,NA,NA,NA,NA,NA,NA,0,0.122199147657274,0.112244644520249,0.0596749098240219,0.0179545871197311,0.0162747816085682,0.00730553149315272,-0.00160151802696751,-0.0221109856497497,0.00192376645836734,0.00545488559721097,-0.0139364336236249,"Financial Transactions Processing, Reserve, and Clearinghouse Activities","5"
"LafayetteCounty",522390,3,7,7,7,10,10,6,8,11,11,12,12,14,14,12,12,0.000748736507144194,0.950965786217307,0.272259636539392,-0.0303597339044209,0.0270660870893518,0.0946087842231575,0.0192448764914566,0.0371372893366482,0.148698354997035,0.118426914720145,0.0494145228445839,0.0175545771755876,-0.00664824529521465,0.0468711941549269,0.0320726533370224,0.0242068084419498,-0.00412738915999344,-0.022549802554078,-0.0173765118375833,-0.00702895557976235,0.00377998749455211,0.0299778678987304,0.0370448085096668,-0.00126525140700112,"Other Activities Related to Credit Intermediation","5"
"LafayetteCounty",523110,0,0,0,0,0,0,3,0,0,0,0,0,0,0,0,0,0,0,NA,NA,NA,NA,NA,NA,-1,NA,NA,NA,-0.0181818181818182,-0.0195603992146064,0.0230879360184018,0.00833709213519973,-0.0334182125856117,-0.0515521092161755,-0.07818865805638,-0.104793635349388,-0.0550471857593471,-0.0352196134450804,-0.0218711866776536,-0.00597960084858222,"Investment Banking and Securities Dealing","5"
"LafayetteCounty",523120,5,5,5,12,15,12,5,14,13,12,12,15,24,16,16,16,0.000998315342858926,0.413626473882324,0.191357898167092,0,0.228659679083147,0.0161373647415957,-0.043647500209963,0,0.245730939615517,0.113824178602879,0.0424022162772979,0.0592238410488122,-0.00444933501632147,-0.0219518248463952,-0.0590450363626444,-0.00059092878934075,0.000203692747259065,-0.00615368441134034,-0.0208843268110226,-0.00814579528634807,-0.0471835409011898,-0.0371808139540375,-0.0154760812355039,-0.000372187380008966,"Securities Brokerage","5"
"LafayetteCounty",523910,0,0,0,0,0,0,0,0,2,3,3,0,0,0,0,0,0,0,NA,NA,NA,NA,NA,NA,NA,NA,-1,-1,-0.096969696969697,-0.0251373342463644,0.00381077917155692,0.0467550525437042,-0.00420566069682848,-0.0047764924846474,-0.0197861336148226,0.0264431189273768,-0.00939522525659831,0.0181763181383001,0.0334994650384632,0.00257257742467624,"Miscellaneous Intermediation","5"
"LafayetteCounty",523920,0,0,0,0,0,0,0,0,0,0,3,13,7,10,5,5,0.000311973544643414,0.136058652311838,NA,NA,NA,NA,NA,NA,NA,NA,NA,NA,0,0.0447347454791303,0.022627552649664,0.057861980698436,0.0840578053854786,0.0558411275200847,0.0143972210233339,0.0540917730319996,0.0134951318210064,0.0287813608331713,0.0368795411969314,-0.00230785714666409,"Portfolio Management","5"
"LafayetteCounty",523930,0,0,0,2,0,0,0,4,0,0,0,2,7,12,15,17,0.000935920633930243,1.09560741826604,NA,NA,NA,-1,NA,NA,NA,0.118426914720145,NA,NA,0.0217705125672771,0.0692857832446887,0.0313949309776529,0.0140990789388087,0.0147229598966534,0.0000635658638288294,0.00720029492962482,-0.0429174198168144,0.0199388182401605,0.00366896011591078,-0.0119869161665286,-0.00643710184424848,"Investment Advice","5"
"LafayetteCounty",523991,0,0,0,0,0,0,0,0,0,0,0,0,0,0,0,0,0,0,NA,NA,NA,NA,NA,NA,NA,NA,NA,NA,0,-0.0771241836171234,-0.0517566107328276,-0.0211157908865485,-0.00727924296293381,-0.00464620658926662,-0.00865439481282004,0.00507534325354086,-0.00327311510926143,0.014903435945772,0.00482291623964626,0.00803886772589957,"Trust, Fiduciary, and Custody Activities","5"
"LafayetteCounty",524113,0,0,0,2,2,2,2,2,9,5,4,0,0,0,0,0,0,0,NA,NA,NA,0.350960038520614,0.201124433981431,0.148698354997035,-1,-1,-1,-1,-0.152153370876038,-0.0676387914528289,-0.0564618229778269,0.0320031754230876,-0.00501443787318723,0.000121327714253994,-0.00423458809158594,-0.0102487315796069,-0.0366357921357051,-0.0163690866399743,-0.0110908101839701,0.00258380212767051,"Direct Life Insurance Carriers","5"
"LafayetteCounty",524126,0,0,0,0,0,0,0,2,2,2,4,2,3,3,5,5,0.000311973544643414,0.0711181489357477,NA,NA,NA,NA,NA,NA,NA,0.0844717711976986,0.0844717711976986,0.201124433981431,0.0171138252133652,-0.0238978183719083,-0.023641856764329,-0.0214655555261581,-0.00966376573117633,-0.00221417383109213,-0.00721463961194113,-0.0128560139021795,-0.0155163301895082,-0.0114855825091762,0.00217017128274066,0.00202954389737758,"Direct Property and Casualty Insurance Carriers","5"
"LafayetteCounty",524127,15,2,2,0,0,0,0,0,0,0,0,0,0,0,0,0,0,0,-1,-1,-1,NA,NA,NA,NA,NA,NA,NA,0.127272727272727,0.0754190082648478,0.0213803595270485,-0.0113342586226955,-0.0589196788815873,-0.102105537402497,-0.130335819183597,-0.110319498430305,-0.0938149128972064,-0.0482144717901325,0.0134087628633941,-0.00993993357353428,"Direct Title Insurance Carriers","5"
"LafayetteCounty",524128,0,0,0,0,0,0,0,0,0,0,0,2,0,0,0,0,0,0,NA,NA,NA,NA,NA,NA,NA,NA,NA,NA,0,0.243443719613699,0.15621897292766,0.150106195764667,0.0806227529326191,0.0662408045157978,0.0687602646441601,0.128159484349583,0.0701504521080196,0.101664645511996,0.115484589968068,-0.0108373425613595,"Other Direct Insurance (except Life, Health, and Medical) Carriers","5"
"LafayetteCounty",524291,0,0,0,0,0,2,2,2,0,0,0,0,0,0,0,0,0,0,NA,NA,NA,NA,NA,-1,-1,-1,NA,NA,-0.0545454545454546,0.0243744692067704,0.0393086149911801,0.00333736760853953,-0.00974059130919214,-0.0480449973338027,-0.0622099319884447,-0.0502824115850711,-0.0175719942240482,-0.00751904806850823,0.00248149938219844,-0.00463737923929808,"Claims Adjusting","5"
"LafayetteCounty",532490,0,0,6,12,6,15,7,20,20,20,15,0,0,0,0,0,0,0,NA,NA,0.272259636539392,0.10756634324829,0.272259636539392,0,-1,-1,-1,-1,-0.157310647569583,0.00524289101036524,0.00252904118645225,0.039825397342657,0.00762449288817657,-0.00533495333448986,-0.00315869096648214,0.00417606246339286,0.0101327893779759,0.0368270023189778,0.0537218965554223,0.00315008914608148,"Other Commercial and Industrial Machinery and Equipment Rental and Leasing","5"
"LafayetteCounty",533110,0,0,0,0,0,0,0,0,0,15,15,0,0,2,2,2,0.000124789417857366,0.431258220559727,NA,NA,NA,NA,NA,NA,NA,NA,NA,-0.331674938041731,-0.0180913602568217,0.0271921856726065,0.0572857403216402,0.0213855458069909,0.0330126807120379,-0.00186375014649098,0.00128867263125776,0.00434712257608716,0.0225915243424406,-0.00326672091774927,0.0299943704748191,-0.00288158742065859,"Lessors of Nonfinancial Intangible Assets (except Copyrighted Works)","5"
"LafayetteCounty",541199,0,0,0,2,0,0,0,0,0,0,0,2,2,2,2,2,0.000124789417857366,0.728004652521696,NA,NA,NA,-1,NA,NA,NA,NA,NA,NA,0.0181818181818182,0.0763786000199345,0.0608136012921137,0.0736567734123927,0.0719716238173971,0.0867919876012533,0.0609961867810143,0.101443008236842,0.0746414701849665,-0.0132072659541643,-0.0310664288788173,-0.00859157269401058,"All Other Legal Services","5"
"LafayetteCounty",541214,5,2,0,0,0,0,0,0,0,0,0,0,0,0,0,0,0,0,-1,-1,NA,NA,NA,NA,NA,NA,NA,NA,0.096969696969697,-0.0138536893637152,-0.0352413989658797,-0.0616131693198825,-0.0868242558697605,-0.0334922559109558,-0.00423990329166724,-0.0265944345120626,-0.0608298471371912,0.0174923666299995,-0.00890875299055394,0.00380302554021482,"Payroll Services","5"
"LafayetteCounty",541310,8,10,9,9,15,15,27,22,20,11,11,11,10,11,5,4,0.000311973544643414,0.231661318317819,0.133966577633027,0.219755409466935,0.195738008632096,0.173160676311841,-0.0601462356500114,-0.0601462356500114,-0.164385852621967,-0.145886740885255,-0.112695798633674,-0.145886740885255,-0.0458581918651938,0.0125517481306539,0.0250775446726677,0.0346578118987801,-0.0000750793033597041,-0.0355584278766734,-0.0586075459619361,-0.0663746775982456,-0.0644870372852439,-0.026198492672273,0.00961618613614901,-0.00668499683791011,"Architectural Services","5"
"LafayetteCounty",541320,2,3,2,2,0,0,5,5,11,9,5,10,11,9,5,6,0.000311973544643414,1.61013822816196,-1,0.10756634324829,0.201124433981431,0.406282388387635,NA,NA,0.148698354997035,0.170804912964892,-0.0393394316275633,-0.1109104638678,0.036661307247299,0.0107206260823911,-0.00998898042405605,-0.0134717358522145,-0.0650773276371326,-0.0917780657477206,-0.116944823478694,-0.103387353179164,-0.0735649560279833,-0.041514676802992,-0.0141834999958474,-0.00536593905813704,"Landscape Architectural Services","5"
"LafayetteCounty",541330,72,54,48,65,44,57,84,80,84,61,68,60,60,67,70,67,0.0043676296250078,0.532883298231604,-0.0456482551889928,0.0923884641403729,0.10756634324829,0.0526238015045057,0.0675185532368938,0.0359214157823311,-0.0650801238515298,-0.055912488705098,-0.0442174365504262,0.0279065678275763,-0.00906879376349141,0.0157324069776548,0.0329073716166357,0.0355789009203258,0.0206107048823136,0.00835787992563475,-0.00499038195658796,-0.00226548416849925,-0.0039611936945293,0.00213294849018153,0.0173224202479514,-0.00291386754279665,"Engineering Services","5"
"LafayetteCounty",541340,2,3,2,2,2,5,5,3,0,0,0,2,2,2,2,2,0.000124789417857366,1.58517510593018,0.201124433981431,0.10756634324829,0.0844717711976986,-1,-1,-1,-0.167446792598127,-0.0778920885182722,NA,NA,-0.00531663021178876,0.126915612896218,0.126980845690649,0.0287106242280173,0.00587535195577771,-0.0245681423021202,-0.147688395639193,-0.147179076803625,-0.0634174403094652,-0.0258995941593665,0.00635703182128866,-0.0193825101268313,"Drafting Services","5"
"LafayetteCounty",541410,9,14,16,17,26,14,16,10,11,9,14,12,13,14,13,13,0.000811131216072877,2.40524744058006,0.0923884641403729,0.0270660870893518,-0.0897178984869599,-0.0833812162394643,-0.191176367215257,0,-0.055912488705098,0.0538739520617835,0.0494145228445839,0.0763169225148108,0.00608083017102205,0.00142174818691077,0.0450565956593261,0.0270321368191382,-0.0144903863712148,-0.0477965701450391,-0.0661230753360674,-0.0687149142622597,-0.0487320158284601,0.000298444539909015,0.0392208695546068,-0.00322991404623521,"Interior Design Services","5"
"LafayetteCounty",541420,0,0,0,0,0,0,0,0,0,0,0,0,0,0,2,2,0.000124789417857366,1.39901106431415,NA,NA,NA,NA,NA,NA,NA,NA,NA,NA,0,-0.0186728586525401,0.0132378185736919,0.110602883003458,0.0507712994163467,0.0283445761480345,0.0435186900534148,0.0874965523812552,-0.00905378671904622,-0.0643662064293324,-0.0551257480201107,-0.00814689487964681,"Industrial Design Services","5"
"LafayetteCounty",541430,0,0,8,2,10,5,3,5,2,2,2,2,2,2,2,2,0.000124789417857366,0.283301963833275,NA,NA,-0.0897178984869599,0,-0.275220336322304,-0.167446792598127,-0.0778920885182722,-0.167446792598127,0,0,-0.00311846783264529,-0.0399009417107852,-0.0157069510664928,0.00246880919353365,-0.0156486516404092,-0.0289907805498784,-0.0432853517538306,-0.0466404736340276,-0.032665801723669,-0.0134937135495982,0.000805953851513275,0.00059946442974623,"Graphic Design Services","5"
"LafayetteCounty",541511,167,177,174,175,176,196,176,237,170,171,174,325,351,379,350,381,0.021838148125039,3.59714334278969,0.0325424608968314,-0.00113250573792822,0.0637506036556104,-0.00578073425851311,-0.00574750722596307,-0.0235306062897019,0.130509298086944,0.0817122652625204,0.173918799811672,0.154022793467933,0.0169671359878442,-0.0137249071579935,0.022178593610505,0.0667726060494809,0.0581561623624411,0.050688904231452,0.04161846419375,0.0361659621778321,0.0316262141963268,0.0362736397169408,0.0475409062888865,0.00241990693278588,"Custom Computer Programming Services","5"
"LafayetteCounty",541512,5,5,10,14,13,13,15,9,4,24,40,10,11,23,24,24,0.00149747301428839,0.294206973071472,0.210583275107595,0.245730939615517,-0.0208516376390232,-0.221629458448829,0.130455777786648,0.252054772007059,-0.0778920885182722,0.0409503969692568,0.418840474748078,0,0.00108083967886698,-0.0206013375816799,0.0312780013693652,0.0319660040443901,0.00864217559223546,0.036379331902028,0.00969497934869268,-0.0109604531700129,0.0360073546958144,0.0453932944859976,0.0264470546124189,0.0027694369453355,"Computer Systems Design Services","5"
"LafayetteCounty",541513,0,35,34,34,35,39,35,0,0,0,0,0,0,0,0,0,0,0,NA,0,-1,-1,-1,-1,-1,NA,NA,NA,0.0303030303030303,0.0770220290368666,0.0419180470472262,-0.00798803463244957,-0.00447483013866368,0.0100847056932616,0.013053191941913,0.110864188824224,0.0681133786247234,0.0696639886493757,0.032309751879805,0.00315941640136164,"Computer Facilities Management Services","5"
"LafayetteCounty",541519,0,0,2,2,3,3,3,3,2,2,2,8,2,2,2,2,0.000124789417857366,0.129532303279078,NA,NA,0.0844717711976986,0,-0.0778920885182722,-0.0778920885182722,0.216728683786412,-0.0778920885182722,0,0,-0.000979595437700724,0.0151716810037814,0.0731253878463825,0.0588134539435248,0.122527873921851,0.109294725877246,0.0593642556816889,0.0171746863247317,-0.0452229568148652,-0.0372682318495595,-0.0887708245043449,-0.0157236968134763,"Other Computer Related Services","5"
"LafayetteCounty",541611,16,16,13,8,8,18,28,37,5,4,6,35,24,5,24,25,0.00149747301428839,0.361239172299261,0.0238362555396097,0.118426914720145,0.232683759853001,-0.0897178984869599,-0.129449436703876,-0.197258438239769,0.0456395525912732,-0.0829312313472386,0,0.430969081105256,0.00966906316816612,0.0663430933275959,0.0461787559153763,0.00771230450673288,-0.0022287865515026,-0.013534957079449,-0.0234918557632257,0.00277176093574649,0.0482586512989898,0.0577465374470467,0.0554738775615045,0.00115713943373409,"Administrative Management and General Management Consulting Services","5"
"LafayetteCounty",541612,0,0,0,0,0,0,0,0,0,0,0,0,0,0,0,0,0,0,NA,NA,NA,NA,NA,NA,NA,NA,NA,NA,0,NA,NA,NA,NA,NA,NA,NA,0.0870471674824975,0.0578280104665383,0.0634271086878413,0.00855076296284138,"Human Resources and Executive Search Consulting Services","5"
"LafayetteCounty",541613,4,5,14,11,4,7,16,3,35,30,29,2,4,5,5,4,0.000311973544643414,0.188790322164743,0.118426914720145,0.261914688960386,-0.26515009256169,0.260477424763595,0.496277869738845,0.328801138608392,-0.340246044613553,0.0592238410488122,-0.322389086599519,-0.301172881228421,-0.0497836488707019,0.0374610785793474,0.0622899980205152,0.0683132275760419,0.00811378534497487,-0.00557026441853925,0.00922220942284646,0.0228078411179355,0.0341977474689121,0.0803597460752541,0.0810994210010223,0.00246988217456282,"Marketing Consulting Services","5"
"LafayetteCounty",541614,0,0,0,0,0,0,0,5,2,0,0,0,0,0,0,0,0,0,NA,NA,NA,NA,NA,NA,NA,-1,-1,NA,-0.0727272727272727,0.113913908259134,0.115008696322551,0.0798882447819695,0.0369410359521702,0.025908263584286,0.0387298036638997,0.040230332027209,-0.0123856718334673,0.0226368318488372,0.0350537738199801,-0.0108789358547929,"Process, Physical Distribution, and Logistics Consulting Services","5"
"LafayetteCounty",541618,0,0,0,0,0,0,0,0,0,2,0,0,0,0,0,0,0,0,NA,NA,NA,NA,NA,NA,NA,NA,NA,-1,-0.0545454545454545,0.03508801220438,0.0125614230688424,0.0372309297046813,-0.0151131374002154,-0.028045564245385,0.0145514872742121,-0.0341468889704927,0.0234791842194577,0.06084863314589,0.0380381556770564,0.00170484140106707,"Other Management Consulting Services","5"
"LafayetteCounty",541690,2,0,0,0,0,3,3,5,13,7,11,10,8,7,4,4,0.000249578835714731,0.236753364544648,0.0844717711976986,NA,NA,NA,NA,0.296744116109658,0.272259636539392,0.0985605433061179,-0.116450394021837,-0.105887039342019,-0.005588220065163,0.0618309274703166,0.104434716195234,0.110832153915004,0.097934500555529,0.0613111156516677,0.0162432501821113,-0.0146698847103616,0.0302977362049046,0.0346562831415209,0.0298948234483576,-0.00946319440843243,"Other Scientific and Technical Consulting Services","5"
"LafayetteCounty",541712,0,0,0,0,0,0,0,26,35,30,21,12,20,21,35,34,0.0021838148125039,0.469092787659658,NA,NA,NA,NA,NA,NA,NA,-0.0511199199452508,-0.0971195485525658,0.0313103064775451,-0.00396147685634127,NA,NA,NA,NA,NA,NA,NA,-0.00560498307032475,0.0118721963834443,0.0249054269682696,0.00169229880028432,"Research and Development in the Physical, Engineering, and Life Sciences (except Biotechnology)","5"
"LafayetteCounty",541720,0,3,8,3,3,3,2,0,0,0,0,6,13,7,7,9,0.00043676296250078,1.36905392461028,NA,-0.0778920885182722,-1,-1,-1,-1,0.245730939615517,NA,NA,NA,0.0562571965968149,0.0797840988208034,0.0803806907053009,-0.0420025373477005,-0.0634415001754638,-0.0609009540769818,-0.058700161175184,-0.0936301133274059,-0.00206072373491339,-0.0101014631219114,-0.019748004593955,-0.00859284840008123,"Research and Development in the Social Sciences and Humanities","5"
"LafayetteCounty",541810,2,0,0,15,15,15,15,24,16,16,14,12,13,15,14,12,0.00087352592500156,0.56143943227191,0.496277869738845,NA,NA,0.0129913682242364,0.0129913682242364,-0.0137038103409706,-0.043647500209963,-0.115401044737965,-0.0128247570825901,-0.0263528193848319,-0.0337397970257506,-0.00524551175269938,0.0297184912466026,0.0117535336873544,0.0241713104364185,-0.009394509124665,-0.00148190726314235,0.000425226719773963,0.0233756927127269,0.0387062111439973,0.0473612806381472,0.00321915343416868,"Advertising Agencies","5"
"LafayetteCounty",541820,0,0,0,0,0,0,0,3,2,0,0,0,0,0,0,0,0,0,NA,NA,NA,NA,NA,NA,NA,-1,-1,NA,-0.0727272727272727,-0.0225893616166939,0.0116293742844837,0.0723624284746653,0.0547469755167469,0.0354645671325979,0.0379579031166724,0.0286950723939638,-0.00353003490076775,0.0130622842971959,0.016410330912922,-0.000570285378217649,"Public Relations Agencies","5"
"LafayetteCounty",541840,0,3,2,2,3,3,3,0,0,0,0,0,0,0,0,0,0,0,NA,0,-1,-1,-1,-1,-1,NA,NA,NA,0.0303030303030303,-0.0999480156040704,-0.110656568339852,-0.05258565620305,-0.0861868818611714,-0.077606026185197,-0.0878479196190181,-0.065536918842831,-0.00594006080671416,0.00555079716775797,0.00267016541443499,0.0122542494565012,"Media Representatives","5"
"LafayetteCounty",541910,13,28,30,60,122,75,71,35,62,34,39,53,60,66,64,57,0.0039932613714357,4.88328760564752,0.419788264821945,0.204536774308234,0.0313103064775451,0.00657951509766797,-0.225495728541881,-0.122593861013674,-0.0568006252837282,0.113824178602879,0.0125825741571541,0.13485457134316,-0.0217136474870057,0.0222546110088695,0.00531879564168092,-0.00229683777556788,-0.00983529108633041,-0.0371999531086455,-0.0333702523959796,-0.0287348245894323,-0.038761915288866,-0.0176727518947652,-0.00202262001107889,-0.00372503151089569,"Marketing Research and Public Opinion Polling","5"
"LafayetteCounty",541990,0,6,8,10,4,7,2,3,2,2,2,2,4,4,2,2,0.000124789417857366,0.176639763561388,NA,-0.197258438239769,-0.178124085241387,-0.275220336322304,-0.129449436703876,-0.221629458448829,0,0.0592238410488122,0.148698354997035,0,0.0263146555838217,0.0476642488096075,-0.0635497032937888,0.0164683312062432,0.0123837523149004,-0.00226799906592712,-0.0431241144172131,-0.0328218230757961,-0.0382437069774872,-0.0189965805839292,-0.0136392549551759,-0.00418116792337007,"All Other Professional, Scientific, and Technical Services","5"
"LafayetteCounty",551111,6,75,31,33,34,30,3,3,3,3,3,3,3,3,3,3,0.000187184126786049,2.10688109532628,0.379729661461215,-0.474694439119247,-0.373166913277614,-0.380956079316154,-0.384641126481839,-0.369042655519807,0,0,0,0,0.0177551236120143,-0.0768130348457776,-0.120093413547024,-0.0835885448091627,-0.09370220031003,-0.119241166393734,-0.125535322374068,-0.14674358588515,-0.0968635890091027,-0.08247031049528,-0.0405739379118681,0.00216800036401211,"Offices of Bank Holding Companies","5"
"LafayetteCounty",551112,0,0,0,0,0,0,0,0,0,0,0,0,0,0,3,3,0.000187184126786049,0.19365943506961,NA,NA,NA,NA,NA,NA,NA,NA,NA,NA,0,-0.0188389202090409,-0.0284920826061862,-0.0199056307912751,-0.0378425248737031,-0.0893329081392068,-0.0616634264479259,-0.124057067354242,-0.0747474583039258,-0.0383790272485313,0.0234402145413781,-0.001175028382159,"Offices of Other Holding Companies","5"
"LafayetteCounty",551114,13,7,14,173,425,327,175,151,78,78,78,10,17,17,8,3,0.000499157671429463,0.0191569272400924,0.905991151330024,0.903653938715879,0.609050898993417,-0.147273617333129,-0.287571746282895,-0.24922574792296,-0.435852860677917,-0.353907953528445,-0.262654789250757,-0.365839661706443,-0.153047420650778,0.0054252381326878,0.0197572223063325,0.00268525447993939,0.00536243254834745,0.00441800207604848,0.00388915975328885,0.000309228289706587,0.0182855076422246,0.0271734338514564,0.03009148199447,0.00203771203808879,"Corporate, Subsidiary, and Regional Managing Offices","5"
"LafayetteCounty",561210,5,2,0,0,0,0,0,0,0,0,0,0,0,0,15,24,0.000935920633930243,0.449955126427918,-1,-1,NA,NA,NA,NA,NA,NA,NA,NA,0.096969696969697,0.0751303579979561,0.0876038173758407,0.0965574736456318,0.0874380640168784,0.0928940944174499,0.105693560259715,0.0718540493024233,0.0150150123328756,0.0207198364092767,0.0175894092616289,-0.00865285630459257,"Facilities Support Services","5"
"LafayetteCounty",561421,7,5,8,11,7,11,10,10,11,9,15,9,11,9,10,9,0.000623947089286828,1.76189958810104,0.0946087842231575,0.148698354997035,0.0456395525912732,0,0.0515474967972804,0.0639953128150836,-0.0208516376390232,0.0192448764914566,-0.0393394316275633,0.0212956876001351,-0.013079774868956,-0.0159561445123483,0.01391993919166,0.00664671811375439,-0.00267300627523792,-0.0208041170544668,-0.00730285703084932,-0.070174716529542,-0.078671203402211,-0.0781741896759491,-0.0517223148834175,-0.00958877523473945,"Telephone Answering Services","5"
"LafayetteCounty",561422,0,0,40,40,25,38,35,37,2,2,3,5,5,37,58,85,0.00361889311786361,1.12823113732531,NA,NA,-0.0154713776003633,-0.450719728346941,-0.396582366345484,-0.398178731666428,-0.322389086599519,-0.329878339363666,0.792397566795359,0.961009057454548,0.0788316680955349,0.0236648014289802,0.0275030573203345,0.0174771125254451,0.0276991420809829,0.0162786437868552,0.0179054328783723,0.0401690698062147,0.0101690633698632,0.00786511650506783,0.0290990937730853,-0.000521579564367383,"Telemarketing Bureaus","5"
"LafayetteCounty",561499,2,2,0,0,0,0,0,0,0,0,0,0,0,2,3,5,0.000187184126786049,0.463158357916205,-1,-1,NA,NA,NA,NA,NA,NA,NA,NA,0.096969696969697,0.0341628553110858,-0.00431896640874196,0.0448147233710605,0.0493981737680689,0.0283594065591741,0.0163771576597893,0.0122279815580735,-0.0372540827456754,-0.0621171276909029,-0.058933827381074,-0.0107654189655613,"All Other Business Support Services","5"
"LafayetteCounty",561510,2,3,0,0,0,0,0,0,0,0,0,0,0,0,0,0,0,0,-1,-1,NA,NA,NA,NA,NA,NA,NA,NA,0.096969696969697,-0.0643501092268104,-0.0423336195633545,-0.0326713753346651,-0.0439213165796437,-0.0413844878286603,-0.0438637896527497,-0.0410627006588219,-0.0411224179271716,-0.0122291823249689,0.0214206907421821,0.00573642177797258,"Travel Agencies","5"
"LafayetteCounty",561599,14,30,32,35,41,21,24,2,0,0,0,0,0,0,0,0,0,0,0.0844717711976986,-0.043647500209963,-0.425650822501483,-1,-1,-1,-1,-1,NA,NA,-0.0201603595563765,0.0281456287575521,0.0641572345395602,-0.0056318627047921,-0.00546304721826629,0.0114509559355924,0.0158173622830518,0.0175066634625076,-0.000887124610633894,0.00810925445184307,-0.0380727017839841,-0.00540182791895318,"All Other Travel Arrangement and Reservation Services","5"
"LafayetteCounty",561920,0,0,0,2,1,0,0,0,2,2,3,0,0,0,0,0,0,0,NA,NA,NA,0,0.148698354997035,NA,NA,NA,-1,-1,-0.0978708991211941,0.037712431987261,0.0327828437515909,0.0215218054717754,-0.0242534270442586,-0.0342130218055564,-0.0312687676687928,-0.00827542985819318,-0.0188434133285654,0.00669548543573972,0.0288895981396053,-0.00250281734028245,"Convention and Trade Show Organizers","5"
"LafayetteCounty",562119,0,0,0,0,0,0,0,0,0,0,0,0,2,2,3,3,0.000187184126786049,3.04556254272811,NA,NA,NA,NA,NA,NA,NA,NA,NA,NA,0,0.0044642274040716,0.0219279553352825,0.049143610027071,0.0464659924347706,0.0339069667211469,-0.0022254442434555,-0.0273896918268656,-0.0172562642984921,0.00071458891500531,-0.0066507847806111,-0.00508016672716007,"Other Waste Collection","5"
"LafayetteCounty",562998,0,0,0,0,0,0,0,3,3,3,3,3,2,2,3,3,0.000187184126786049,1.79236915514391,NA,NA,NA,NA,NA,NA,NA,-0.0778920885182722,-0.0778920885182722,0,-0.00566487916496525,0.244970760792169,0.183839969274006,0.0267222128724287,0.0268071399952934,0.00967712197302895,0.0058117618158644,-0.0326952186441304,0.0137479847473887,0.0151499348774407,0.0276156628579975,-0.0205107254477826,"All Other Miscellaneous Waste Management Services","5"
"LafayetteCounty",611310,0,2,2,9,5,9,10,6,0,0,0,0,0,0,0,0,0,0,NA,0.379729661461215,0.245730939615517,-1,-1,-1,-1,-1,NA,NA,-0.0538591656260975,0.0280341003234303,0.0273734551886051,0.0278772008826218,0.0211335726742972,0.0239752452343218,0.029149528647294,0.0274000678715609,0.0254952503066066,0.0198256434113311,0.0153836857477869,-0.00093711756058801,"Colleges, Universities, and Professional Schools","6"
"LafayetteCounty",611420,4,2,13,0,0,0,12,0,0,0,0,0,0,0,0,0,0,0,-1,0.430969081105256,-1,NA,NA,NA,-1,NA,NA,NA,0.0483831298925043,-0.0793132808791196,-0.0642825324748937,-0.0942212615470298,-0.0930923961009692,-0.0770985349238343,-0.0701997145555752,-0.0563646071706538,-0.0534568785031955,-0.045188913730744,-0.0372564401415167,0.00504891515288395,"Computer Training","6"
"LafayetteCounty",611430,0,0,0,0,0,0,2,2,2,2,2,2,2,2,2,2,0.000124789417857366,0.347371422883166,NA,NA,NA,NA,NA,NA,0,0,0,0,0,0.0916958920892037,0.0989916264370176,0.0773093307235442,0.0403525302756158,0.0456449396535017,0.0315556777723902,0.0760350609128173,0.0276164294239416,0.0265084581632764,0.023556546213042,-0.00773419677132826,"Professional and Management Development Training","6"
"LafayetteCounty",611513,0,0,0,0,0,0,0,0,0,0,0,0,0,0,0,0,0,0,NA,NA,NA,NA,NA,NA,NA,NA,NA,NA,0,0.042228485612839,0.0401340548847384,0.0354098285234228,0.022278228296293,0.00706692011844767,-0.0142479543872759,0.00130474009721926,-0.0465085744156168,-0.0480742963217107,-0.017976137736776,-0.0100189540750898,"Apprenticeship Training","6"
"LafayetteCounty",611691,8,9,9,12,14,13,4,8,8,8,8,9,7,11,12,13,0.000748736507144194,0.849691427261184,0.10197228772148,-0.149716999582806,-0.0232813161388261,-0.0778920885182722,-0.105887039342019,-0.0925361634386701,0.176079022524674,-0.0263528193848319,0.0657627566354742,0.0844717711976986,0.0127924868946429,0.126209196285884,0.151192640651226,0.116430337873895,0.0955412569397787,0.0989370195897024,0.10118703860168,0.0734909322705803,0.0339965878778095,0.00996426299902509,-0.0178932775212534,-0.0167369128048829,"Exam Preparation and Tutoring","6"
"LafayetteCounty",611699,6,0,0,0,0,0,0,0,0,0,0,0,0,0,0,0,0,0,-1,NA,NA,NA,NA,NA,NA,NA,NA,NA,0.0545454545454545,-0.0774827049408005,-0.0386200438053714,0.0512727834788334,0.0264073682453152,0.0217331261563849,0.00727219922720335,0.0218525971552057,0.0267400661433319,0.038915297471501,0.0603630158449255,0.00989436393413711,"All Other Miscellaneous Schools and Instruction","6"
"LafayetteCounty",611710,0,2,13,14,7,7,12,12,12,12,12,14,2,2,2,2,0.000124789417857366,0.137656608503094,NA,0.430969081105256,-0.0158810858664757,-0.0303597339044209,0.113824178602879,0.113824178602879,0.0313103064775451,-0.301172881228421,-0.301172881228421,-0.301172881228421,-0.0550121122609415,0.110346848760936,0.076921787154141,0.0997452359091346,0.0577564537061115,0.0492760546484432,0.032078832402715,0.0607098596082698,0.0428111079607023,0.0520216942224985,0.0517020760177687,-0.00603097726964495,"Educational Support Services","6"
"LafayetteCounty",711130,0,0,0,0,0,0,0,0,0,2,2,2,0,0,0,0,0,0,NA,NA,NA,NA,NA,NA,NA,NA,NA,-1,-0.0545454545454545,0.00437770367221013,-0.0233445833167026,-0.0265297220646837,-0.0274750491177032,-0.03701221771843,-0.040900269645019,-0.0325910411571295,-0.0257254108798508,0.00642341135781987,0.00627886639102004,0.0012743754852742,"Musical Groups and Artists","7"
"LafayetteCounty",711310,0,0,0,0,0,0,0,0,3,0,0,0,0,0,0,0,0,0,NA,NA,NA,NA,NA,NA,NA,NA,-1,NA,-0.0424242424242424,0.110955154346152,0.113849989053354,0.0758214691645012,0.0627929897957846,0.0645332152035438,0.0574302598269334,0.0561665303562167,0.0332037418335294,0.0525044586916563,0.0518525132757628,-0.00728129365160943,"Promoters of Performing Arts, Sports, and Similar Events with Facilities","7"
"LafayetteCounty",711510,2,3,3,3,3,4,2,0,5,7,9,7,7,3,5,6,0.000311973544643414,0.794499204990907,0.148698354997035,-0.0778920885182722,-1,0.10756634324829,0.184664452542244,0.176079022524674,0.284735157123439,NA,-0.0971195485525658,-0.0650801238515298,0.0209958938286711,0.0417229428233428,0.0337408761175821,0.0198092089963533,-0.00266879045726076,0.00843285343361488,-0.0180968655480234,-0.01330177586644,-0.00877190563039754,0.0142564732252133,0.0017167012402759,-0.00422897722931584,"Independent Artists, Writers, and Performers","7"
"LafayetteCounty",713290,12,15,12,0,0,0,0,0,0,0,0,0,0,0,0,0,0,0,-1,-1,-1,NA,NA,NA,NA,NA,NA,NA,0.127272727272727,0.0163744942710937,0.0407779235573724,0.0209468058249875,0.003667524684694,-0.0172295218188595,-0.0449311155417227,-0.0602697131119148,-0.0170407141612927,-0.00824230428312145,-0.00384716678720942,-0.00566416637243804,"Other Gambling Industries","7"
"LafayetteCounty",713990,2,0,0,0,0,0,0,0,0,2,0,2,10,3,3,4,0.000187184126786049,0.176356741927669,-1,NA,NA,NA,NA,NA,NA,NA,NA,0.0844717711976986,0.0591530057016926,-0.0204466230990408,-0.00284720897749102,0.0277632134373735,0.0162050642095493,0.0129215050312019,0.00355768816442459,0.0140117930073123,0.029688684749857,0.0428726563895914,0.0596446658185446,0.00626996596313196,"All Other Amusement and Recreation Industries","7"
"LafayetteCounty",721110,78,46,73,72,77,94,93,97,122,113,104,151,42,139,168,160,0.0104823111000187,0.826220050201372,0.0380222200523608,0.151184738345537,0.05849734939041,0.111233861763991,0.0797359055894651,0.0204250165236175,0.101789932542252,-0.154145797792523,0.0264339162652572,0.0825455214283888,-0.00983881487771782,0.0104722030876017,0.0228283951051154,0.0195010035174741,-0.00189100376365969,-0.00630598497492008,-0.00345260062157904,0.0000238957716156563,-0.00107032648226235,0.0154850183286954,0.0235150655756298,-0.000171372376255768,"Hotels (except Casino Hotels) and Motels","7"
"LafayetteCounty",721191,2,2,2,2,2,6,5,3,7,2,5,3,3,2,3,2,0.000187184126786049,1.4361830694035,0.245730939615517,0.201124433981431,0.0844717711976986,0.284735157123439,0,-0.0358074959973728,-0.0971195485525658,0,-0.221629458448829,0.0844717711976986,-0.0364505468593095,-0.02003708947063,-0.0101730312553312,-0.0120583272278475,-0.0454737440582709,-0.042508432439459,-0.0443344733836435,-0.0488384916394315,-0.0143589075786084,0.0119358887239045,0.00868927943246001,0.00236288833055145,"Bed-and-Breakfast Inns","7"
"LafayetteCounty",721310,82,64,70,69,74,79,80,99,99,94,78,75,80,81,63,59,0.00393086666250702,38.8847004793464,-0.00742656472800363,0.0456395525912732,0.0717843984980444,0.0748731655753287,0.0490090302494259,-0.00254456225460864,-0.0128247570825901,-0.0417232341423884,-0.0393394316275633,-0.0769132031799539,-0.0127419282380567,-0.0505071121298286,-0.0486125980642097,-0.0298967877559133,-0.0508731809629493,-0.018572907938156,-0.00790257434051878,0.00787012696635081,0.00743170880213295,0.0214753724032291,0.00285581367020438,0.00814802948877659,"Rooming and Boarding Houses","7"
"LafayetteCounty",813920,4,0,0,0,0,2,2,2,1,2,0,0,0,0,0,0,0,0,-0.129449436703876,NA,NA,NA,NA,-1,-1,-1,-1,-1,-0.144454273149486,0.00688755804807895,0.0130431065143597,0.0352704469670002,0.0118109082135098,0.00240873212132597,-0.000963258962907609,0.0214701856769706,0.0154642338588564,0.0134715100323888,0.0201299184277322,0.000295483901869771,"Professional Organizations","8"
